dataset,n,method,step,n_cases,mean_active_dofs,mean_C_rel,mean_reference_error,proposed_refine_total,proposed_coarsen_total,executed_refine_total,executed_coarsen_groups_total,deterministic_retained_cases,deterministic_refined_cases,deterministic_coarsened_cases,adaptation_energy_increases
holdout,32,AMDI,1,9,140.66666666666666,0.13736979166666666,0.1852824443090473,,,0,4,8,0,1,0
holdout,32,AMDI,2,9,140.66666666666666,0.13736979166666666,0.18078238597697852,,,0,0,9,0,0,0
holdout,32,AMDI,3,9,140.66666666666666,0.13736979166666666,0.17803064925060133,,,0,0,9,0,0,0
holdout,32,AMDI,4,9,140.66666666666666,0.13736979166666666,0.17635393487549278,,,0,0,9,0,0,0
holdout,32,AMDI,5,9,140.66666666666666,0.13736979166666666,0.17533613438600998,,,0,0,9,0,0,0
holdout,32,AMDI,6,9,140.66666666666666,0.13736979166666666,0.17496419044413442,,,0,0,9,0,0,0
holdout,32,Learned AMDI,1,9,269.6666666666667,0.2633463541666667,0.18525799135890494,383,0,383,0,0,0,0,9
holdout,32,Learned AMDI,2,9,273.0,0.2666015625,0.15851710630298993,10,0,10,0,0,0,0,6
holdout,32,Learned AMDI,3,9,273.0,0.2666015625,0.1456827093569987,0,0,0,0,0,0,0,0
holdout,32,Learned AMDI,4,9,273.0,0.2666015625,0.13999640239557454,0,5,0,0,0,0,0,0
holdout,32,Learned AMDI,5,9,273.0,0.2666015625,0.13748240392141903,0,10,0,0,0,0,0,0
holdout,32,Learned AMDI,6,9,273.0,0.2666015625,0.13656908890512015,0,30,0,0,0,0,0,0
holdout,32,Learned: decision 1 only,1,9,269.6666666666667,0.2633463541666667,0.18525799135890494,383,0,383,0,0,0,0,9
holdout,32,Learned: decision 1 only,2,9,269.6666666666667,0.2633463541666667,0.15851710630298993,0,0,0,0,0,0,0,0
holdout,32,Learned: decision 1 only,3,9,269.6666666666667,0.2633463541666667,0.14619307491153943,0,0,0,0,0,0,0,0
holdout,32,Learned: decision 1 only,4,9,269.6666666666667,0.2633463541666667,0.14072648172363228,0,0,0,0,0,0,0,0
holdout,32,Learned: decision 1 only,5,9,269.6666666666667,0.2633463541666667,0.1382988598954505,0,0,0,0,0,0,0,0
holdout,32,Learned: decision 1 only,6,9,269.6666666666667,0.2633463541666667,0.13741794847368277,0,0,0,0,0,0,0,0
transfer,32,AMDI,1,4,139.75,0.136474609375,0.1831194604414554,,,0,0,4,0,0,0
transfer,32,AMDI,2,4,139.75,0.136474609375,0.17870421832857997,,,0,0,4,0,0,0
transfer,32,AMDI,3,4,139.75,0.136474609375,0.17600323365736703,,,0,0,4,0,0,0
transfer,32,AMDI,4,4,139.75,0.136474609375,0.17435667644362726,,,0,0,4,0,0,0
transfer,32,AMDI,5,4,139.75,0.136474609375,0.1733555062213487,,,0,0,4,0,0,0
transfer,32,AMDI,6,4,139.75,0.136474609375,0.17300722714464323,,,0,0,4,0,0,0
transfer,32,Learned AMDI,1,4,250.75,0.244873046875,0.1831194604414554,148,0,148,0,0,0,0,4
transfer,32,Learned AMDI,2,4,255.25,0.249267578125,0.15850197550628092,6,0,6,0,0,0,0,4
transfer,32,Learned AMDI,3,4,255.25,0.249267578125,0.146609964470733,0,0,0,0,0,0,0,0
transfer,32,Learned AMDI,4,4,255.25,0.249267578125,0.1413322239864154,0,3,0,0,0,0,0,0
transfer,32,Learned AMDI,5,4,255.25,0.249267578125,0.13897572632495722,0,5,0,0,0,0,0,0
transfer,32,Learned AMDI,6,4,255.25,0.249267578125,0.1381385030332407,0,11,0,0,0,0,0,0
transfer,64,AMDI,1,4,149.5,0.0364990234375,0.19339303222004808,,,0,0,4,0,0,0
transfer,64,AMDI,2,4,149.5,0.0364990234375,0.18567397595313423,,,0,0,4,0,0,0
transfer,64,AMDI,3,4,149.5,0.0364990234375,0.18098464475431708,,,0,0,4,0,0,0
transfer,64,AMDI,4,4,149.5,0.0364990234375,0.17813250412801862,,,0,0,4,0,0,0
transfer,64,AMDI,5,4,149.5,0.0364990234375,0.17639705127435445,,,0,0,4,0,0,0
transfer,64,AMDI,6,4,149.5,0.0364990234375,0.17533910368233185,,,0,0,4,0,0,0
transfer,64,Learned AMDI,1,4,166.0,0.04052734375,0.19339303222004808,22,0,22,0,0,0,0,4
transfer,64,Learned AMDI,2,4,167.5,0.0408935546875,0.18328560028907498,2,0,2,0,0,0,0,1
transfer,64,Learned AMDI,3,4,167.5,0.0408935546875,0.17741771845136978,0,0,0,0,0,0,0,0
transfer,64,Learned AMDI,4,4,167.5,0.0408935546875,0.17409714778101712,0,0,0,0,0,0,0,0
transfer,64,Learned AMDI,5,4,167.5,0.0408935546875,0.17217547674666783,0,0,0,0,0,0,0,0
transfer,64,Learned AMDI,6,4,167.5,0.0408935546875,0.17104301432452054,0,5,0,0,0,0,0,0
transfer,128,AMDI,1,4,143.5,0.008758544921875,0.1874869331128937,,,0,0,4,0,0,0
transfer,128,AMDI,2,4,143.5,0.008758544921875,0.17422772399162165,,,0,0,4,0,0,0
transfer,128,AMDI,3,4,143.5,0.008758544921875,0.16637253134886432,,,0,0,4,0,0,0
transfer,128,AMDI,4,4,143.5,0.008758544921875,0.16167079076664687,,,0,0,4,0,0,0
transfer,128,AMDI,5,4,143.5,0.008758544921875,0.15883738413866566,,,0,0,4,0,0,0
transfer,128,AMDI,6,4,143.5,0.008758544921875,0.1571197597125839,,,0,0,4,0,0,0
transfer,128,Learned AMDI,1,4,152.5,0.009307861328125,0.1874869331128937,12,0,12,0,0,0,0,4
transfer,128,Learned AMDI,2,4,152.5,0.009307861328125,0.1723436426412997,0,0,0,0,0,0,0,0
transfer,128,Learned AMDI,3,4,152.5,0.009307861328125,0.16365939146090913,0,0,0,0,0,0,0,0
transfer,128,Learned AMDI,4,4,152.5,0.009307861328125,0.15859917714157312,0,0,0,0,0,0,0,0
transfer,128,Learned AMDI,5,4,152.5,0.009307861328125,0.15560638204430668,0,0,0,0,0,0,0,0
transfer,128,Learned AMDI,6,4,152.5,0.009307861328125,0.15381541213038094,0,0,0,0,0,0,0,0
