dataset,case_id,n,image_seed,noise_seed,step,candidate_id,candidate_type,candidate_active_dofs,candidate_energy,tree_change_penalty,candidate_score,selected
holdout,random_1000,32,1000,31000,1,0,retain,142,0.004054779644709418,0.0,0.004054779644709418,1
holdout,random_1000,32,1000,31000,1,1,refine,184,0.004077636791708283,9.8e-05,0.004175636791708283,0
holdout,random_1000,32,1000,31000,1,2,coarsen,133,0.004133204439211687,4.5e-06,0.004137704439211687,0
holdout,random_1000,32,1000,31000,2,0,retain,142,0.004050980518154171,0.0,0.004050980518154171,1
holdout,random_1000,32,1000,31000,2,1,refine,184,0.004073495510983803,9.8e-05,0.004171495510983803,0
holdout,random_1000,32,1000,31000,2,2,coarsen,133,0.0041296043458636566,4.5e-06,0.004134104345863657,0
holdout,random_1000,32,1000,31000,3,0,retain,142,0.004050366253820816,0.0,0.004050366253820816,1
holdout,random_1000,32,1000,31000,3,1,refine,184,0.004072671784986732,9.8e-05,0.004170671784986732,0
holdout,random_1000,32,1000,31000,3,2,coarsen,133,0.004129088367391916,4.5e-06,0.004133588367391916,0
holdout,random_1000,32,1000,31000,4,0,retain,142,0.00405036625448141,0.0,0.00405036625448141,1
holdout,random_1000,32,1000,31000,4,1,refine,184,0.004072671783678257,9.8e-05,0.004170671783678257,0
holdout,random_1000,32,1000,31000,4,2,coarsen,133,0.00412908836889276,4.5e-06,0.00413358836889276,0
holdout,random_1000,32,1000,31000,5,0,retain,142,0.004050366255142122,0.0,0.004050366255142122,1
holdout,random_1000,32,1000,31000,5,1,refine,184,0.004072671782369912,9.8e-05,0.004170671782369912,0
holdout,random_1000,32,1000,31000,5,2,coarsen,133,0.004129088370393714,4.5e-06,0.0041335883703937145,0
holdout,random_1000,32,1000,31000,6,0,retain,142,0.004050366255802951,0.0,0.004050366255802951,1
holdout,random_1000,32,1000,31000,6,1,refine,184,0.004072671781061695,9.8e-05,0.004170671781061695,0
holdout,random_1000,32,1000,31000,6,2,coarsen,133,0.004129088371894779,4.5e-06,0.004133588371894779,0
holdout,random_1001,32,1001,31001,1,0,retain,142,0.004152547240330683,0.0,0.004152547240330683,1
holdout,random_1001,32,1001,31001,1,1,refine,187,0.004169315772844603,0.0001125,0.004281815772844603,0
holdout,random_1001,32,1001,31001,1,2,coarsen,133,0.004177529308002138,4.5e-06,0.004182029308002138,0
holdout,random_1001,32,1001,31001,2,0,retain,142,0.004147779506275988,0.0,0.004147779506275988,1
holdout,random_1001,32,1001,31001,2,1,refine,187,0.00416435509075797,0.0001125,0.00427685509075797,0
holdout,random_1001,32,1001,31001,2,2,coarsen,133,0.0041728543518138785,4.5e-06,0.004177354351813879,0
holdout,random_1001,32,1001,31001,3,0,retain,142,0.00414643282175386,0.0,0.00414643282175386,1
holdout,random_1001,32,1001,31001,3,1,refine,187,0.004162889965499565,0.0001125,0.004275389965499565,0
holdout,random_1001,32,1001,31001,3,2,coarsen,133,0.004171544296073923,4.5e-06,0.0041760442960739235,0
holdout,random_1001,32,1001,31001,4,0,retain,142,0.004146215935953698,0.0,0.004146215935953698,1
holdout,random_1001,32,1001,31001,4,1,refine,187,0.004162600103828317,0.0001125,0.004275100103828317,0
holdout,random_1001,32,1001,31001,4,2,coarsen,133,0.004171342116154623,4.5e-06,0.004175842116154623,0
holdout,random_1001,32,1001,31001,5,0,retain,142,0.004146215936837483,0.0,0.004146215936837483,1
holdout,random_1001,32,1001,31001,5,1,refine,187,0.004162600101957371,0.0001125,0.004275100101957371,0
holdout,random_1001,32,1001,31001,5,2,coarsen,133,0.004171342117479176,4.5e-06,0.0041758421174791765,0
holdout,random_1001,32,1001,31001,6,0,retain,142,0.004146215937721924,0.0,0.004146215937721924,1
holdout,random_1001,32,1001,31001,6,1,refine,187,0.004162600100087147,0.0001125,0.0042751001000871465,0
holdout,random_1001,32,1001,31001,6,2,coarsen,133,0.004171342118804367,4.5e-06,0.004175842118804367,0
holdout,random_1002,32,1002,31002,1,0,retain,151,0.00468657464631025,0.0,0.00468657464631025,1
holdout,random_1002,32,1002,31002,1,1,refine,199,0.004699627599680439,0.000128,0.004827627599680438,0
holdout,random_1002,32,1002,31002,1,2,coarsen,139,0.004717486399269106,8e-06,0.004725486399269107,0
holdout,random_1002,32,1002,31002,2,0,retain,151,0.004683072945281987,0.0,0.004683072945281987,1
holdout,random_1002,32,1002,31002,2,1,refine,199,0.00469598365696813,0.000128,0.00482398365696813,0
holdout,random_1002,32,1002,31002,2,2,coarsen,139,0.004714153339041306,8e-06,0.004722153339041306,0
holdout,random_1002,32,1002,31002,3,0,retain,151,0.004682611211819762,0.0,0.004682611211819762,1
holdout,random_1002,32,1002,31002,3,1,refine,199,0.004695435309330865,0.000128,0.004823435309330865,0
holdout,random_1002,32,1002,31002,3,2,coarsen,139,0.004713766941821554,8e-06,0.004721766941821554,0
holdout,random_1002,32,1002,31002,4,0,retain,151,0.004682611212339587,0.0,0.004682611212339587,1
holdout,random_1002,32,1002,31002,4,1,refine,199,0.004695435309647863,0.000128,0.004823435309647863,0
holdout,random_1002,32,1002,31002,4,2,coarsen,139,0.004713766942492535,8e-06,0.004721766942492535,0
holdout,random_1002,32,1002,31002,5,0,retain,151,0.004682611212859419,0.0,0.004682611212859419,1
holdout,random_1002,32,1002,31002,5,1,refine,199,0.00469543530996487,0.000128,0.00482343530996487,0
holdout,random_1002,32,1002,31002,5,2,coarsen,139,0.004713766943163521,8e-06,0.004721766943163521,0
holdout,random_1002,32,1002,31002,6,0,retain,151,0.0046826112133792576,0.0,0.0046826112133792576,1
holdout,random_1002,32,1002,31002,6,1,refine,199,0.004695435310281885,0.000128,0.0048234353102818844,0
holdout,random_1002,32,1002,31002,6,2,coarsen,139,0.0047137669438345135,8e-06,0.004721766943834514,0
holdout,random_1003,32,1003,31003,1,0,retain,124,0.003847722550494678,0.0,0.003847722550494678,1
holdout,random_1003,32,1003,31003,1,1,refine,160,0.003856226028825167,7.2e-05,0.003928226028825167,0
holdout,random_1003,32,1003,31003,1,2,coarsen,115,0.003852558227342854,4.5e-06,0.003857058227342854,0
holdout,random_1003,32,1003,31003,2,0,retain,124,0.00384383356436082,0.0,0.00384383356436082,1
holdout,random_1003,32,1003,31003,2,1,refine,160,0.003852241088930692,7.2e-05,0.003924241088930692,0
holdout,random_1003,32,1003,31003,2,2,coarsen,115,0.0038489354913512366,4.5e-06,0.0038534354913512367,0
holdout,random_1003,32,1003,31003,3,0,retain,124,0.0038426827330965032,0.0,0.0038426827330965032,1
holdout,random_1003,32,1003,31003,3,1,refine,160,0.003851031797871718,7.2e-05,0.003923031797871718,0
holdout,random_1003,32,1003,31003,3,2,coarsen,115,0.003847925775743075,4.5e-06,0.0038524257757430753,0
holdout,random_1003,32,1003,31003,4,0,retain,124,0.00384245362427813,0.0,0.00384245362427813,1
holdout,random_1003,32,1003,31003,4,1,refine,160,0.003850766901916838,7.2e-05,0.0039227669019168375,0
holdout,random_1003,32,1003,31003,4,2,coarsen,115,0.0038477749264903788,4.5e-06,0.003852274926490379,0
holdout,random_1003,32,1003,31003,5,0,retain,124,0.0038424516997316418,0.0,0.0038424516997316418,1
holdout,random_1003,32,1003,31003,5,1,refine,160,0.0038507594762901354,7.2e-05,0.003922759476290135,0
holdout,random_1003,32,1003,31003,5,2,coarsen,115,0.0038477844648422115,4.5e-06,0.0038522844648422117,0
holdout,random_1003,32,1003,31003,6,0,retain,124,0.0038424517003070842,0.0,0.0038424517003070842,1
holdout,random_1003,32,1003,31003,6,1,refine,160,0.0038507594756516926,7.2e-05,0.003922759475651692,0
holdout,random_1003,32,1003,31003,6,2,coarsen,115,0.003847784467930218,4.5e-06,0.003852284467930218,0
holdout,random_1004,32,1004,31004,1,0,retain,157,0.0042316605753857746,0.0,0.0042316605753857746,1
holdout,random_1004,32,1004,31004,1,1,refine,202,0.004240416439884121,0.0001125,0.0043529164398841205,0
holdout,random_1004,32,1004,31004,1,2,coarsen,145,0.004249496238689387,8e-06,0.004257496238689387,0
holdout,random_1004,32,1004,31004,2,0,retain,157,0.004225054151344207,0.0,0.004225054151344207,1
holdout,random_1004,32,1004,31004,2,1,refine,202,0.004233742181446454,0.0001125,0.0043462421814464535,0
holdout,random_1004,32,1004,31004,2,2,coarsen,145,0.004243119743845178,8e-06,0.004251119743845178,0
holdout,random_1004,32,1004,31004,3,0,retain,157,0.0042232668945861645,0.0,0.0042232668945861645,1
holdout,random_1004,32,1004,31004,3,1,refine,202,0.004231913598447317,0.0001125,0.004344413598447317,0
holdout,random_1004,32,1004,31004,3,2,coarsen,145,0.004241432868289657,8e-06,0.004249432868289657,0
holdout,random_1004,32,1004,31004,4,0,retain,157,0.004223046804180227,0.0,0.004223046804180227,1
holdout,random_1004,32,1004,31004,4,1,refine,202,0.004231668207093469,0.0001125,0.004344168207093469,0
holdout,random_1004,32,1004,31004,4,2,coarsen,145,0.004241260194992548,8e-06,0.0042492601949925485,0
holdout,random_1004,32,1004,31004,5,0,retain,157,0.004223046804771487,0.0,0.004223046804771487,1
holdout,random_1004,32,1004,31004,5,1,refine,202,0.00423166820756596,0.0001125,0.00434416820756596,0
holdout,random_1004,32,1004,31004,5,2,coarsen,145,0.00424126019578109,8e-06,0.0042492601957810905,0
holdout,random_1004,32,1004,31004,6,0,retain,157,0.004223046805362759,0.0,0.004223046805362759,1
holdout,random_1004,32,1004,31004,6,1,refine,202,0.004231668208038466,0.0001125,0.004344168208038466,0
holdout,random_1004,32,1004,31004,6,2,coarsen,145,0.004241260196569646,8e-06,0.004249260196569646,0
holdout,random_1005,32,1005,31005,1,0,retain,130,0.00430744625826638,0.0,0.00430744625826638,1
holdout,random_1005,32,1005,31005,1,1,refine,169,0.004315323572844525,8.45e-05,0.004399823572844525,0
holdout,random_1005,32,1005,31005,1,2,coarsen,121,0.0043322214873777205,4.5e-06,0.004336721487377721,0
holdout,random_1005,32,1005,31005,2,0,retain,130,0.004301773627138423,0.0,0.004301773627138423,1
holdout,random_1005,32,1005,31005,2,1,refine,169,0.004309592983234397,8.45e-05,0.004394092983234397,0
holdout,random_1005,32,1005,31005,2,2,coarsen,121,0.0043267610855181795,4.5e-06,0.00433126108551818,0
holdout,random_1005,32,1005,31005,3,0,retain,130,0.00429985211404772,0.0,0.00429985211404772,1
holdout,random_1005,32,1005,31005,3,1,refine,169,0.004307636010130096,8.45e-05,0.004392136010130096,0
holdout,random_1005,32,1005,31005,3,2,coarsen,121,0.004324947078983894,4.5e-06,0.004329447078983894,0
holdout,random_1005,32,1005,31005,4,0,retain,130,0.004299266217270773,0.0,0.004299266217270773,1
holdout,random_1005,32,1005,31005,4,1,refine,169,0.004307028317337014,8.45e-05,0.004391528317337015,0
holdout,random_1005,32,1005,31005,4,2,coarsen,121,0.004324418577091215,4.5e-06,0.004328918577091215,0
holdout,random_1005,32,1005,31005,5,0,retain,130,0.004299132660936231,0.0,0.004299132660936231,1
holdout,random_1005,32,1005,31005,5,1,refine,169,0.004306881324544816,8.45e-05,0.004391381324544816,0
holdout,random_1005,32,1005,31005,5,2,coarsen,121,0.004324317019120781,4.5e-06,0.004328817019120781,0
holdout,random_1005,32,1005,31005,6,0,retain,130,0.004299126645623223,0.0,0.004299126645623223,1
holdout,random_1005,32,1005,31005,6,1,refine,169,0.004306871157743131,8.45e-05,0.004391371157743132,0
holdout,random_1005,32,1005,31005,6,2,coarsen,121,0.004324320342703346,4.5e-06,0.004328820342703346,0
holdout,random_1006,32,1006,31006,1,0,retain,130,0.004550590820290633,0.0,0.004550590820290633,1
holdout,random_1006,32,1006,31006,1,1,refine,169,0.004558375605230795,8.45e-05,0.0046428756052307955,0
holdout,random_1006,32,1006,31006,1,2,coarsen,121,0.004564022593598282,4.5e-06,0.004568522593598282,0
holdout,random_1006,32,1006,31006,2,0,retain,130,0.004547183908364756,0.0,0.004547183908364756,1
holdout,random_1006,32,1006,31006,2,1,refine,169,0.004554921371873476,8.45e-05,0.004639421371873477,0
holdout,random_1006,32,1006,31006,2,2,coarsen,121,0.004560851374430742,4.5e-06,0.004565351374430742,0
holdout,random_1006,32,1006,31006,3,0,retain,130,0.004546706602957156,0.0,0.004546706602957156,1
holdout,random_1006,32,1006,31006,3,1,refine,169,0.004554415128394369,8.45e-05,0.004638915128394369,0
holdout,random_1006,32,1006,31006,3,2,coarsen,121,0.004560502902815261,4.5e-06,0.004565002902815261,0
holdout,random_1006,32,1006,31006,4,0,retain,130,0.00454670660374667,0.0,0.00454670660374667,1
holdout,random_1006,32,1006,31006,4,1,refine,169,0.004554415129047883,8.45e-05,0.004638915129047883,0
holdout,random_1006,32,1006,31006,4,2,coarsen,121,0.004560502904185085,4.5e-06,0.004565002904185085,0
holdout,random_1006,32,1006,31006,5,0,retain,130,0.00454670660453621,0.0,0.00454670660453621,1
holdout,random_1006,32,1006,31006,5,1,refine,169,0.004554415129701423,8.45e-05,0.004638915129701424,0
holdout,random_1006,32,1006,31006,5,2,coarsen,121,0.004560502905554932,4.5e-06,0.0045650029055549326,0
holdout,random_1006,32,1006,31006,6,0,retain,130,0.0045467066053257775,0.0,0.0045467066053257775,1
holdout,random_1006,32,1006,31006,6,1,refine,169,0.00455441513035499,8.45e-05,0.00463891513035499,0
holdout,random_1006,32,1006,31006,6,2,coarsen,121,0.004560502906924805,4.5e-06,0.0045650029069248055,0
holdout,random_1007,32,1007,31007,1,0,retain,121,0.004211466403409481,0.0,0.004211466403409481,1
holdout,random_1007,32,1007,31007,1,1,refine,157,0.004221556094592726,7.2e-05,0.004293556094592726,0
holdout,random_1007,32,1007,31007,1,2,coarsen,112,0.004222264091064336,4.5e-06,0.004226764091064336,0
holdout,random_1007,32,1007,31007,2,0,retain,121,0.004207087925985305,0.0,0.004207087925985305,1
holdout,random_1007,32,1007,31007,2,1,refine,157,0.004217060538473997,7.2e-05,0.004289060538473997,0
holdout,random_1007,32,1007,31007,2,2,coarsen,112,0.00421812170993619,4.5e-06,0.00422262170993619,0
holdout,random_1007,32,1007,31007,3,0,retain,121,0.004205762750433266,0.0,0.004205762750433266,1
holdout,random_1007,32,1007,31007,3,1,refine,157,0.004215663564927749,7.2e-05,0.004287663564927749,0
holdout,random_1007,32,1007,31007,3,2,coarsen,112,0.0042169238384656155,4.5e-06,0.004221423838465616,0
holdout,random_1007,32,1007,31007,4,0,retain,121,0.00420547090248139,0.0,0.00420547090248139,1
holdout,random_1007,32,1007,31007,4,1,refine,157,0.0042153275011802185,7.2e-05,0.0042873275011802185,0
holdout,random_1007,32,1007,31007,4,2,coarsen,112,0.004216704837658134,4.5e-06,0.004221204837658134,0
holdout,random_1007,32,1007,31007,5,0,retain,121,0.004205462578831384,0.0,0.004205462578831384,1
holdout,random_1007,32,1007,31007,5,1,refine,157,0.004215305520884204,7.2e-05,0.004287305520884204,0
holdout,random_1007,32,1007,31007,5,2,coarsen,112,0.004216718220527796,4.5e-06,0.004221218220527796,0
holdout,random_1007,32,1007,31007,6,0,retain,121,0.0042054625793823755,0.0,0.0042054625793823755,1
holdout,random_1007,32,1007,31007,6,1,refine,157,0.00421530552076067,7.2e-05,0.00428730552076067,0
holdout,random_1007,32,1007,31007,6,2,coarsen,112,0.0042167182221416665,4.5e-06,0.004221218222141667,0
holdout,four_region,32,0,137,1,0,retain,181,0.0056816437991401205,0.0,0.0056816437991401205,0
holdout,four_region,32,0,137,1,1,refine,223,0.005694600044996679,9.8e-05,0.005792600044996679,0
holdout,four_region,32,0,137,1,2,coarsen,169,0.0056666549707247525,8e-06,0.005674654970724753,1
holdout,four_region,32,0,137,2,0,retain,169,0.005661438826015217,0.0,0.005661438826015217,1
holdout,four_region,32,0,137,2,1,refine,208,0.0056731589156636085,8.45e-05,0.005757658915663609,0
holdout,four_region,32,0,137,2,2,coarsen,160,0.005676060966274732,4.5e-06,0.005680560966274732,0
holdout,four_region,32,0,137,3,0,retain,169,0.005660218339060298,0.0,0.005660218339060298,1
holdout,four_region,32,0,137,3,1,refine,208,0.005671847688305563,8.45e-05,0.005756347688305564,0
holdout,four_region,32,0,137,3,2,coarsen,160,0.005674893741092737,4.5e-06,0.005679393741092737,0
holdout,four_region,32,0,137,4,0,retain,169,0.005660156225307583,0.0,0.005660156225307583,1
holdout,four_region,32,0,137,4,1,refine,208,0.005671757633306149,8.45e-05,0.00575625763330615,0
holdout,four_region,32,0,137,4,2,coarsen,160,0.005674844831678961,4.5e-06,0.005679344831678961,0
holdout,four_region,32,0,137,5,0,retain,169,0.0056601562259820035,0.0,0.0056601562259820035,1
holdout,four_region,32,0,137,5,1,refine,208,0.005671757632601569,8.45e-05,0.005756257632601569,0
holdout,four_region,32,0,137,5,2,coarsen,160,0.005674844832967493,4.5e-06,0.005679344832967493,0
holdout,four_region,32,0,137,6,0,retain,169,0.005660156226656783,0.0,0.005660156226656783,1
holdout,four_region,32,0,137,6,1,refine,208,0.005671757631897363,8.45e-05,0.005756257631897363,0
holdout,four_region,32,0,137,6,2,coarsen,160,0.005674844834256371,4.5e-06,0.005679344834256371,0
transfer,random_1000,32,1000,51032,1,0,retain,145,0.0044601596895434865,0.0,0.0044601596895434865,1
transfer,random_1000,32,1000,51032,1,1,refine,190,0.004475463084622626,0.0001125,0.004587963084622625,0
transfer,random_1000,32,1000,51032,1,2,coarsen,133,0.004529162522463464,8e-06,0.004537162522463464,0
transfer,random_1000,32,1000,51032,2,0,retain,145,0.004455925176617656,0.0,0.004455925176617656,1
transfer,random_1000,32,1000,51032,2,1,refine,190,0.004471038255431905,0.0001125,0.004583538255431905,0
transfer,random_1000,32,1000,51032,2,2,coarsen,133,0.004525294968290856,8e-06,0.0045332949682908566,0
transfer,random_1000,32,1000,51032,3,0,retain,145,0.004455167604648863,0.0,0.004455167604648863,1
transfer,random_1000,32,1000,51032,3,1,refine,190,0.0044701642156638865,0.0001125,0.004582664215663886,0
transfer,random_1000,32,1000,51032,3,2,coarsen,133,0.00452471953460947,8e-06,0.0045327195346094706,0
transfer,random_1000,32,1000,51032,4,0,retain,145,0.004455167376593862,0.0,0.004455167376593862,1
transfer,random_1000,32,1000,51032,4,1,refine,190,0.004470161745645817,0.0001125,0.004582661745645817,0
transfer,random_1000,32,1000,51032,4,2,coarsen,133,0.004524722483893848,8e-06,0.004532722483893848,0
transfer,random_1000,32,1000,51032,5,0,retain,145,0.004455167377356634,0.0,0.004455167377356634,1
transfer,random_1000,32,1000,51032,5,1,refine,190,0.004470161711798226,0.0001125,0.004582661711798225,0
transfer,random_1000,32,1000,51032,5,2,coarsen,133,0.004524722533609913,8e-06,0.0045327225336099135,0
transfer,random_1000,32,1000,51032,6,0,retain,145,0.004455167378247684,0.0,0.004455167378247684,1
transfer,random_1000,32,1000,51032,6,1,refine,190,0.004470161678085441,0.0001125,0.004582661678085441,0
transfer,random_1000,32,1000,51032,6,2,coarsen,133,0.004524722583442148,8e-06,0.004532722583442148,0
transfer,random_1001,32,1001,51033,1,0,retain,145,0.0041049316330547805,0.0,0.0041049316330547805,1
transfer,random_1001,32,1001,51033,1,1,refine,190,0.0041166256246933245,0.0001125,0.004229125624693324,0
transfer,random_1001,32,1001,51033,1,2,coarsen,133,0.004113896105410157,8e-06,0.004121896105410157,0
transfer,random_1001,32,1001,51033,2,0,retain,145,0.004100021508316067,0.0,0.004100021508316067,1
transfer,random_1001,32,1001,51033,2,1,refine,190,0.004111593033225879,0.0001125,0.004224093033225879,0
transfer,random_1001,32,1001,51033,2,2,coarsen,133,0.00410944164099947,8e-06,0.00411744164099947,0
transfer,random_1001,32,1001,51033,3,0,retain,145,0.004098631437313476,0.0,0.004098631437313476,1
transfer,random_1001,32,1001,51033,3,1,refine,190,0.004110128250058015,0.0001125,0.004222628250058015,0
transfer,random_1001,32,1001,51033,3,2,coarsen,133,0.004108311635089093,8e-06,0.004116311635089093,0
transfer,random_1001,32,1001,51033,4,0,retain,145,0.004098406178802286,0.0,0.004098406178802286,1
transfer,random_1001,32,1001,51033,4,1,refine,190,0.004109857194990813,0.0001125,0.004222357194990813,0
transfer,random_1001,32,1001,51033,4,2,coarsen,133,0.004108239318351152,8e-06,0.004116239318351153,0
transfer,random_1001,32,1001,51033,5,0,retain,145,0.0040984061796213965,0.0,0.0040984061796213965,1
transfer,random_1001,32,1001,51033,5,1,refine,190,0.004109857194088464,0.0001125,0.0042223571940884636,0
transfer,random_1001,32,1001,51033,5,2,coarsen,133,0.0041082393248432075,8e-06,0.004116239324843208,0
transfer,random_1001,32,1001,51033,6,0,retain,145,0.004098406180441182,0.0,0.004098406180441182,1
transfer,random_1001,32,1001,51033,6,1,refine,190,0.004109857193186829,0.0001125,0.004222357193186829,0
transfer,random_1001,32,1001,51033,6,2,coarsen,133,0.004108239331335797,8e-06,0.004116239331335797,0
transfer,random_1002,32,1002,51034,1,0,retain,130,0.004465042340506178,0.0,0.004465042340506178,1
transfer,random_1002,32,1002,51034,1,1,refine,169,0.00447453081264053,8.45e-05,0.004559030812640531,0
transfer,random_1002,32,1002,51034,1,2,coarsen,121,0.004501770650977234,4.5e-06,0.0045062706509772345,0
transfer,random_1002,32,1002,51034,2,0,retain,130,0.004461845797638253,0.0,0.004461845797638253,1
transfer,random_1002,32,1002,51034,2,1,refine,169,0.004471248123346656,8.45e-05,0.004555748123346657,0
transfer,random_1002,32,1002,51034,2,2,coarsen,121,0.004498677367564426,4.5e-06,0.0045031773675644265,0
transfer,random_1002,32,1002,51034,3,0,retain,130,0.004461498965983969,0.0,0.004461498965983969,1
transfer,random_1002,32,1002,51034,3,1,refine,169,0.0044708485447462545,8.45e-05,0.004555348544746255,0
transfer,random_1002,32,1002,51034,3,2,coarsen,121,0.004498374937090411,4.5e-06,0.004502874937090411,0
transfer,random_1002,32,1002,51034,4,0,retain,130,0.004461498966712187,0.0,0.004461498966712187,1
transfer,random_1002,32,1002,51034,4,1,refine,169,0.00447084854535039,8.45e-05,0.004555348545350391,0
transfer,random_1002,32,1002,51034,4,2,coarsen,121,0.004498374937905769,4.5e-06,0.004502874937905769,0
transfer,random_1002,32,1002,51034,5,0,retain,130,0.004461498967440411,0.0,0.004461498967440411,1
transfer,random_1002,32,1002,51034,5,1,refine,169,0.004470848545954532,8.45e-05,0.004555348545954532,0
transfer,random_1002,32,1002,51034,5,2,coarsen,121,0.004498374938721133,4.5e-06,0.004502874938721133,0
transfer,random_1002,32,1002,51034,6,0,retain,130,0.004461498968168641,0.0,0.004461498968168641,1
transfer,random_1002,32,1002,51034,6,1,refine,169,0.004470848546558681,8.45e-05,0.004555348546558681,0
transfer,random_1002,32,1002,51034,6,2,coarsen,121,0.004498374939536504,4.5e-06,0.004502874939536504,0
transfer,random_1003,32,1003,51035,1,0,retain,139,0.004094969213306101,0.0,0.004094969213306101,1
transfer,random_1003,32,1003,51035,1,1,refine,181,0.004104903473268357,9.8e-05,0.004202903473268357,0
transfer,random_1003,32,1003,51035,1,2,coarsen,130,0.004107818709348684,4.5e-06,0.004112318709348684,0
transfer,random_1003,32,1003,51035,2,0,retain,139,0.004090589436723047,0.0,0.004090589436723047,1
transfer,random_1003,32,1003,51035,2,1,refine,181,0.004100421642650587,9.8e-05,0.004198421642650587,0
transfer,random_1003,32,1003,51035,2,2,coarsen,130,0.0041036386099335305,4.5e-06,0.004108138609933531,0
transfer,random_1003,32,1003,51035,3,0,retain,139,0.004089265662682592,0.0,0.004089265662682592,1
transfer,random_1003,32,1003,51035,3,1,refine,181,0.004099035696666039,9.8e-05,0.004197035696666039,0
transfer,random_1003,32,1003,51035,3,2,coarsen,130,0.004102421961980299,4.5e-06,0.0041069219619803,0
transfer,random_1003,32,1003,51035,4,0,retain,139,0.004088979799412656,0.0,0.004088979799412656,1
transfer,random_1003,32,1003,51035,4,1,refine,181,0.004098711775878144,9.8e-05,0.004196711775878144,0
transfer,random_1003,32,1003,51035,4,2,coarsen,130,0.004102196087183432,4.5e-06,0.004106696087183432,0
transfer,random_1003,32,1003,51035,5,0,retain,139,0.0040889749659591725,0.0,0.0040889749659591725,1
transfer,random_1003,32,1003,51035,5,1,refine,181,0.004098695248039245,9.8e-05,0.004196695248039245,0
transfer,random_1003,32,1003,51035,5,2,coarsen,130,0.004102208831306035,4.5e-06,0.004106708831306035,0
transfer,random_1003,32,1003,51035,6,0,retain,139,0.0040889749667117935,0.0,0.0040889749667117935,1
transfer,random_1003,32,1003,51035,6,1,refine,181,0.004098695248215317,9.8e-05,0.004196695248215317,0
transfer,random_1003,32,1003,51035,6,2,coarsen,130,0.004102208832915443,4.5e-06,0.004106708832915443,0
transfer,random_1000,64,1000,51064,1,0,retain,157,0.004802199543295313,0.0,0.004802199543295313,1
transfer,random_1000,64,1000,51064,1,1,refine,205,0.004814717230210939,0.000128,0.004942717230210939,0
transfer,random_1000,64,1000,51064,1,2,coarsen,145,0.004832055643032368,8e-06,0.004840055643032368,0
transfer,random_1000,64,1000,51064,2,0,retain,157,0.004798193581572378,0.0,0.004798193581572378,1
transfer,random_1000,64,1000,51064,2,1,refine,205,0.004810571863733616,0.000128,0.004938571863733616,0
transfer,random_1000,64,1000,51064,2,2,coarsen,145,0.004828291590186904,8e-06,0.004836291590186904,0
transfer,random_1000,64,1000,51064,3,0,retain,157,0.004797461352470736,0.0,0.004797461352470736,1
transfer,random_1000,64,1000,51064,3,1,refine,205,0.00480975450609412,0.000128,0.00493775450609412,0
transfer,random_1000,64,1000,51064,3,2,coarsen,145,0.004827673371501581,8e-06,0.004835673371501581,0
transfer,random_1000,64,1000,51064,4,0,retain,157,0.004797460562473078,0.0,0.004797460562473078,1
transfer,random_1000,64,1000,51064,4,1,refine,205,0.004809750440808595,0.000128,0.004937750440808595,0
transfer,random_1000,64,1000,51064,4,2,coarsen,145,0.004827676516541489,8e-06,0.004835676516541489,0
transfer,random_1000,64,1000,51064,5,0,retain,157,0.00479746056340219,0.0,0.00479746056340219,1
transfer,random_1000,64,1000,51064,5,1,refine,205,0.004809750429250845,0.000128,0.004937750429250844,0
transfer,random_1000,64,1000,51064,5,2,coarsen,145,0.004827676532416116,8e-06,0.004835676532416116,0
transfer,random_1000,64,1000,51064,6,0,retain,157,0.004797460564360735,0.0,0.004797460564360735,1
transfer,random_1000,64,1000,51064,6,1,refine,205,0.004809750417723707,0.000128,0.004937750417723707,0
transfer,random_1000,64,1000,51064,6,2,coarsen,145,0.004827676548318343,8e-06,0.0048356765483183435,0
transfer,random_1001,64,1001,51065,1,0,retain,157,0.004839909632653741,0.0,0.004839909632653741,1
transfer,random_1001,64,1001,51065,1,1,refine,205,0.004851449344106386,0.000128,0.004979449344106385,0
transfer,random_1001,64,1001,51065,1,2,coarsen,145,0.004857745362576894,8e-06,0.004865745362576894,0
transfer,random_1001,64,1001,51065,2,0,retain,157,0.004835387554527598,0.0,0.004835387554527598,1
transfer,random_1001,64,1001,51065,2,1,refine,205,0.004846816993411729,0.000128,0.004974816993411729,0
transfer,random_1001,64,1001,51065,2,2,coarsen,145,0.004853380898667471,8e-06,0.004861380898667471,0
transfer,random_1001,64,1001,51065,3,0,retain,157,0.004834084562518612,0.0,0.004834084562518612,1
transfer,random_1001,64,1001,51065,3,1,refine,205,0.004845446568262496,0.000128,0.0049734465682624955,0
transfer,random_1001,64,1001,51065,3,2,coarsen,145,0.004852149913263848,8e-06,0.0048601499132638485,0
transfer,random_1001,64,1001,51065,4,0,retain,157,0.0048338472684147735,0.0,0.0048338472684147735,1
transfer,random_1001,64,1001,51065,4,1,refine,205,0.00484516783653496,0.000128,0.00497316783653496,0
transfer,random_1001,64,1001,51065,4,2,coarsen,145,0.004851947469448976,8e-06,0.004859947469448976,0
transfer,random_1001,64,1001,51065,5,0,retain,157,0.004833847213595919,0.0,0.004833847213595919,1
transfer,random_1001,64,1001,51065,5,1,refine,205,0.004845164583505857,0.000128,0.004973164583505857,0
transfer,random_1001,64,1001,51065,5,2,coarsen,145,0.0048519498015863385,8e-06,0.004859949801586339,0
transfer,random_1001,64,1001,51065,6,0,retain,157,0.004833847214185365,0.0,0.004833847214185365,1
transfer,random_1001,64,1001,51065,6,1,refine,205,0.004845164582608302,0.000128,0.004973164582608301,0
transfer,random_1001,64,1001,51065,6,2,coarsen,145,0.004851949803275501,8e-06,0.004859949803275501,0
transfer,random_1002,64,1002,51066,1,0,retain,151,0.004954771888346931,0.0,0.004954771888346931,1
transfer,random_1002,64,1002,51066,1,1,refine,199,0.004966702393228716,0.000128,0.005094702393228716,0
transfer,random_1002,64,1002,51066,1,2,coarsen,139,0.004983553823515203,8e-06,0.004991553823515203,0
transfer,random_1002,64,1002,51066,2,0,retain,151,0.004951672073694158,0.0,0.004951672073694158,1
transfer,random_1002,64,1002,51066,2,1,refine,199,0.004963483204526154,0.000128,0.005091483204526154,0
transfer,random_1002,64,1002,51066,2,2,coarsen,139,0.004980616069611636,8e-06,0.004988616069611636,0
transfer,random_1002,64,1002,51066,3,0,retain,151,0.00495132804606214,0.0,0.00495132804606214,1
transfer,random_1002,64,1002,51066,3,1,refine,199,0.004963066301099169,0.000128,0.005091066301099169,0
transfer,random_1002,64,1002,51066,3,2,coarsen,139,0.004980345052186842,8e-06,0.0049883450521868425,0
transfer,random_1002,64,1002,51066,4,0,retain,151,0.004951328046720062,0.0,0.004951328046720062,1
transfer,random_1002,64,1002,51066,4,1,refine,199,0.004963066301586061,0.000128,0.005091066301586061,0
transfer,random_1002,64,1002,51066,4,2,coarsen,139,0.0049803450529922865,8e-06,0.004988345052992287,0
transfer,random_1002,64,1002,51066,5,0,retain,151,0.004951328047377992,0.0,0.004951328047377992,1
transfer,random_1002,64,1002,51066,5,1,refine,199,0.004963066302072959,0.000128,0.005091066302072959,0
transfer,random_1002,64,1002,51066,5,2,coarsen,139,0.004980345053797736,8e-06,0.004988345053797736,0
transfer,random_1002,64,1002,51066,6,0,retain,151,0.004951328048035926,0.0,0.004951328048035926,1
transfer,random_1002,64,1002,51066,6,1,refine,199,0.004963066302559863,0.000128,0.005091066302559863,0
transfer,random_1002,64,1002,51066,6,2,coarsen,139,0.004980345054603191,8e-06,0.004988345054603191,0
transfer,random_1003,64,1003,51067,1,0,retain,133,0.004519753555692087,0.0,0.004519753555692087,1
transfer,random_1003,64,1003,51067,1,1,refine,175,0.0045309097982963314,9.8e-05,0.0046289097982963314,0
transfer,random_1003,64,1003,51067,1,2,coarsen,124,0.004529473050477291,4.5e-06,0.004533973050477291,0
transfer,random_1003,64,1003,51067,2,0,retain,133,0.004515859287455338,0.0,0.004515859287455338,1
transfer,random_1003,64,1003,51067,2,1,refine,175,0.004526876916403777,9.8e-05,0.004624876916403777,0
transfer,random_1003,64,1003,51067,2,2,coarsen,124,0.004525766402373268,4.5e-06,0.004530266402373268,0
transfer,random_1003,64,1003,51067,3,0,retain,133,0.004514706442284772,0.0,0.004514706442284772,1
transfer,random_1003,64,1003,51067,3,1,refine,175,0.004525639614099992,9.8e-05,0.004623639614099992,0
transfer,random_1003,64,1003,51067,3,2,coarsen,124,0.004524719451743336,4.5e-06,0.0045292194517433364,0
transfer,random_1003,64,1003,51067,4,0,retain,133,0.004514478813918549,0.0,0.004514478813918549,1
transfer,random_1003,64,1003,51067,4,1,refine,175,0.004525360253025598,9.8e-05,0.004623360253025598,0
transfer,random_1003,64,1003,51067,4,2,coarsen,124,0.004524553471488127,4.5e-06,0.004529053471488127,0
transfer,random_1003,64,1003,51067,5,0,retain,133,0.00451447717137274,0.0,0.00451447717137274,1
transfer,random_1003,64,1003,51067,5,1,refine,175,0.004525350649802377,9.8e-05,0.004623350649802377,0
transfer,random_1003,64,1003,51067,5,2,coarsen,124,0.004524561106995542,4.5e-06,0.004529061106995542,0
transfer,random_1003,64,1003,51067,6,0,retain,133,0.004514477172012315,0.0,0.004514477172012315,1
transfer,random_1003,64,1003,51067,6,1,refine,175,0.004525350648684973,9.8e-05,0.004623350648684973,0
transfer,random_1003,64,1003,51067,6,2,coarsen,124,0.004524561109676818,4.5e-06,0.004529061109676818,0
transfer,random_1000,128,1000,51128,1,0,retain,160,0.004917520174167339,0.0,0.004917520174167339,1
transfer,random_1000,128,1000,51128,1,1,refine,208,0.004932767094495967,0.000128,0.0050607670944959665,0
transfer,random_1000,128,1000,51128,1,2,coarsen,148,0.004966235424938501,8e-06,0.0049742354249385015,0
transfer,random_1000,128,1000,51128,2,0,retain,160,0.004913567332336334,0.0,0.004913567332336334,1
transfer,random_1000,128,1000,51128,2,1,refine,208,0.0049286155838081935,0.000128,0.005056615583808193,0
transfer,random_1000,128,1000,51128,2,2,coarsen,148,0.004962511856178496,8e-06,0.0049705118561784965,0
transfer,random_1000,128,1000,51128,3,0,retain,160,0.00491282989733867,0.0,0.00491282989733867,1
transfer,random_1000,128,1000,51128,3,1,refine,208,0.004927756817355024,0.000128,0.005055756817355024,0
transfer,random_1000,128,1000,51128,3,2,coarsen,148,0.004961879994606607,8e-06,0.004969879994606607,0
transfer,random_1000,128,1000,51128,4,0,retain,160,0.004912828581715772,0.0,0.004912828581715772,1
transfer,random_1000,128,1000,51128,4,1,refine,208,0.004927746170400812,0.000128,0.005055746170400811,0
transfer,random_1000,128,1000,51128,4,2,coarsen,148,0.004961885678191096,8e-06,0.0049698856781910964,0
transfer,random_1000,128,1000,51128,5,0,retain,160,0.004912828582353465,0.0,0.004912828582353465,1
transfer,random_1000,128,1000,51128,5,1,refine,208,0.004927746168869801,0.000128,0.005055746168869801,0
transfer,random_1000,128,1000,51128,5,2,coarsen,148,0.004961885680436794,8e-06,0.004969885680436794,0
transfer,random_1000,128,1000,51128,6,0,retain,160,0.004912828582991582,0.0,0.004912828582991582,1
transfer,random_1000,128,1000,51128,6,1,refine,208,0.004927746167339242,0.000128,0.005055746167339241,0
transfer,random_1000,128,1000,51128,6,2,coarsen,148,0.004961885682682889,8e-06,0.004969885682682889,0
transfer,random_1001,128,1001,51129,1,0,retain,151,0.004798724069583616,0.0,0.004798724069583616,1
transfer,random_1001,128,1001,51129,1,1,refine,199,0.004811137609660968,0.000128,0.004939137609660967,0
transfer,random_1001,128,1001,51129,1,2,coarsen,139,0.004812733058180006,8e-06,0.004820733058180007,0
transfer,random_1001,128,1001,51129,2,0,retain,151,0.004794459758432104,0.0,0.004794459758432104,1
transfer,random_1001,128,1001,51129,2,1,refine,199,0.004806747577951004,0.000128,0.004934747577951004,0
transfer,random_1001,128,1001,51129,2,2,coarsen,139,0.004808648698327663,8e-06,0.004816648698327663,0
transfer,random_1001,128,1001,51129,3,0,retain,151,0.004793221919122587,0.0,0.004793221919122587,1
transfer,random_1001,128,1001,51129,3,1,refine,199,0.004805432835759485,0.000128,0.004933432835759485,0
transfer,random_1001,128,1001,51129,3,2,coarsen,139,0.00480891484888116,8e-06,0.00481691484888116,0
transfer,random_1001,128,1001,51129,4,0,retain,151,0.004792998510352298,0.0,0.004792998510352298,1
transfer,random_1001,128,1001,51129,4,1,refine,199,0.0048051621595319345,0.000128,0.004933162159531934,0
transfer,random_1001,128,1001,51129,4,2,coarsen,139,0.004808726875558453,8e-06,0.004816726875558453,0
transfer,random_1001,128,1001,51129,5,0,retain,151,0.004792998272866978,0.0,0.004792998272866978,1
transfer,random_1001,128,1001,51129,5,1,refine,199,0.004805160097967934,0.000128,0.004933160097967934,0
transfer,random_1001,128,1001,51129,5,2,coarsen,139,0.004808727859698619,8e-06,0.004816727859698619,0
transfer,random_1001,128,1001,51129,6,0,retain,151,0.004792998273475127,0.0,0.004792998273475127,1
transfer,random_1001,128,1001,51129,6,1,refine,199,0.004805160084666095,0.000128,0.004933160084666094,0
transfer,random_1001,128,1001,51129,6,2,coarsen,139,0.0048087278695810734,8e-06,0.004816727869581074,0
transfer,random_1002,128,1002,51130,1,0,retain,145,0.00508541321380206,0.0,0.00508541321380206,1
transfer,random_1002,128,1002,51130,1,1,refine,190,0.005099087795013584,0.0001125,0.005211587795013584,0
transfer,random_1002,128,1002,51130,1,2,coarsen,133,0.005107484770093734,8e-06,0.0051154847700937344,0
transfer,random_1002,128,1002,51130,2,0,retain,145,0.005082382251102886,0.0,0.005082382251102886,1
transfer,random_1002,128,1002,51130,2,1,refine,190,0.005095916287496076,0.0001125,0.005208416287496076,0
transfer,random_1002,128,1002,51130,2,2,coarsen,133,0.005104596897329452,8e-06,0.0051125968973294526,0
transfer,random_1002,128,1002,51130,3,0,retain,145,0.005082066299247407,0.0,0.005082066299247407,1
transfer,random_1002,128,1002,51130,3,1,refine,190,0.005095514442804236,0.0001125,0.0052080144428042355,0
transfer,random_1002,128,1002,51130,3,2,coarsen,133,0.005104344794179002,8e-06,0.0051123447941790025,0
transfer,random_1002,128,1002,51130,4,0,retain,145,0.005082066299962775,0.0,0.005082066299962775,1
transfer,random_1002,128,1002,51130,4,1,refine,190,0.005095514443317869,0.0001125,0.005208014443317869,0
transfer,random_1002,128,1002,51130,4,2,coarsen,133,0.005104344795022668,8e-06,0.005112344795022668,0
transfer,random_1002,128,1002,51130,5,0,retain,145,0.005082066300678149,0.0,0.005082066300678149,1
transfer,random_1002,128,1002,51130,5,1,refine,190,0.0050955144438315095,0.0001125,0.005208014443831509,0
transfer,random_1002,128,1002,51130,5,2,coarsen,133,0.005104344795866339,8e-06,0.005112344795866339,0
transfer,random_1002,128,1002,51130,6,0,retain,145,0.005082066301393527,0.0,0.005082066301393527,1
transfer,random_1002,128,1002,51130,6,1,refine,190,0.005095514444345157,0.0001125,0.0052080144443451565,0
transfer,random_1002,128,1002,51130,6,2,coarsen,133,0.005104344796710015,8e-06,0.005112344796710015,0
transfer,random_1003,128,1003,51131,1,0,retain,118,0.004680914888677103,0.0,0.004680914888677103,1
transfer,random_1003,128,1003,51131,1,1,refine,154,0.004689810310405569,7.2e-05,0.004761810310405569,0
transfer,random_1003,128,1003,51131,1,2,coarsen,109,0.004694919688462701,4.5e-06,0.004699419688462702,0
transfer,random_1003,128,1003,51131,2,0,retain,118,0.004677271124367889,0.0,0.004677271124367889,1
transfer,random_1003,128,1003,51131,2,1,refine,154,0.0046860563640738154,7.2e-05,0.0047580563640738155,0
transfer,random_1003,128,1003,51131,2,2,coarsen,109,0.004691477388437625,4.5e-06,0.004695977388437625,0
transfer,random_1003,128,1003,51131,3,0,retain,118,0.004676209329337455,0.0,0.004676209329337455,1
transfer,random_1003,128,1003,51131,3,1,refine,154,0.0046849276025706125,7.2e-05,0.0047569276025706125,0
transfer,random_1003,128,1003,51131,3,2,coarsen,109,0.004690526716603548,4.5e-06,0.004695026716603548,0
transfer,random_1003,128,1003,51131,4,0,retain,118,0.004676011517885486,0.0,0.004676011517885486,1
transfer,random_1003,128,1003,51131,4,1,refine,154,0.004684688869051271,7.2e-05,0.004756688869051271,0
transfer,random_1003,128,1003,51131,4,2,coarsen,109,0.004690392197539521,4.5e-06,0.004694892197539521,0
transfer,random_1003,128,1003,51131,5,0,retain,118,0.004676011180701926,0.0,0.004676011180701926,1
transfer,random_1003,128,1003,51131,5,1,refine,154,0.004684685389530488,7.2e-05,0.004756685389530488,0
transfer,random_1003,128,1003,51131,5,2,coarsen,109,0.0046903965312382195,4.5e-06,0.00469489653123822,0
transfer,random_1003,128,1003,51131,6,0,retain,118,0.004676011181386989,0.0,0.004676011181386989,1
transfer,random_1003,128,1003,51131,6,1,refine,154,0.004684685387294702,7.2e-05,0.004756685387294702,0
transfer,random_1003,128,1003,51131,6,2,coarsen,109,0.004690396536259576,4.5e-06,0.004694896536259576,0
