dataset,case_id,kind,n,image_seed,noise_seed,method,step,active_before,active_after,C_rel,reference_error,switching,reward,energy_before_propagation,energy_after_propagation,energy_after_adaptation,adaptation_energy_change,fixed_tree_safeguard_accepted,deterministic_candidate_count,deterministic_choice,proposed_refine,proposed_retain,proposed_coarsen,executed_refine,executed_coarsen_groups,changed_refined_cells
holdout,random_1000,random_multiscale,32,1000,31000,AMDI,1,142,142,0.138671875,0.1462135870087748,0.0,-0.1670143682587748,0.004068108916783427,0.004054779644709418,0.004054779644709418,0.0,1,3,retain,,,,0,0,0
holdout,random_1000,random_multiscale,32,1000,31000,AMDI,2,142,142,0.138671875,0.14258031232819882,0.0,-0.16338109357819883,0.004054779644709418,0.004050980518154171,0.004050980518154171,0.0,1,3,retain,,,,0,0,0
holdout,random_1000,random_multiscale,32,1000,31000,AMDI,3,142,142,0.138671875,0.1403635687046332,0.0,-0.16116434995463322,0.004050980518154171,0.004050366253820816,0.004050366253820816,0.0,1,3,retain,,,,0,0,0
holdout,random_1000,random_multiscale,32,1000,31000,AMDI,4,142,142,0.138671875,0.1390254896948512,0.0,-0.15982627094485122,0.004050366253820816,0.00405036625448141,0.00405036625448141,0.0,1,3,retain,,,,0,0,0
holdout,random_1000,random_multiscale,32,1000,31000,AMDI,5,142,142,0.138671875,0.13821556995137158,0.0,-0.1590163512013716,0.00405036625448141,0.004050366255142122,0.004050366255142122,0.0,1,3,retain,,,,0,0,0
holdout,random_1000,random_multiscale,32,1000,31000,AMDI,6,142,142,0.138671875,0.13821556190559683,0.0,-0.15901634315559685,0.004050366255142122,0.004050366255802951,0.004050366255802951,0.0,1,3,retain,,,,0,0,0
holdout,random_1000,random_multiscale,32,1000,31000,Learned AMDI,1,142,253,0.2470703125,0.1462135870087748,0.1083984375,-0.18544210263377478,0.004068108916783427,0.004054779644709418,0.004094083732527363,3.930408781794431e-05,1,0,,37,105,0,37,0,37
holdout,random_1000,random_multiscale,32,1000,31000,Learned AMDI,2,253,259,0.2529296875,0.12666824954240322,0.005859375,-0.16472489016740322,0.004094083732527363,0.00353606844121363,0.003536922838338251,8.543971246207337e-07,1,0,,2,251,0,2,0,2
holdout,random_1000,random_multiscale,32,1000,31000,Learned AMDI,3,259,259,0.2529296875,0.11681986640682533,0.0,-0.15475931953182534,0.003536922838338251,0.0032972479301005466,0.0032972479301005466,0.0,1,0,,0,259,0,0,0,0
holdout,random_1000,random_multiscale,32,1000,31000,Learned AMDI,4,259,259,0.2529296875,0.11245117869204621,0.0,-0.1503906318170462,0.0032972479301005466,0.0032061824221892143,0.0032061824221892143,0.0,1,0,,0,259,0,0,0,0
holdout,random_1000,random_multiscale,32,1000,31000,Learned AMDI,5,259,259,0.2529296875,0.11050427341603444,0.0,-0.14844372654103444,0.0032061824221892143,0.003171708979446968,0.003171708979446968,0.0,1,0,,0,257,2,0,0,0
holdout,random_1000,random_multiscale,32,1000,31000,Learned AMDI,6,259,259,0.2529296875,0.11008624247866745,0.0,-0.14802569560366746,0.003171708979446968,0.003158741640989716,0.003158741640989716,0.0,1,0,,0,257,2,0,0,0
holdout,random_1000,random_multiscale,32,1000,31000,Learned: decision 1 only,1,142,253,0.2470703125,0.1462135870087748,0.1083984375,-0.18544210263377478,0.004068108916783427,0.004054779644709418,0.004094083732527363,3.930408781794431e-05,1,0,,37,105,0,37,0,37
holdout,random_1000,random_multiscale,32,1000,31000,Learned: decision 1 only,2,253,253,0.2470703125,0.12666824954240322,0.0,-0.1637287964174032,0.004094083732527363,0.00353606844121363,0.00353606844121363,0.0,1,0,,0,253,0,0,0,0
holdout,random_1000,random_multiscale,32,1000,31000,Learned: decision 1 only,3,253,253,0.2470703125,0.11771401231040918,0.0,-0.15477455918540917,0.00353606844121363,0.0033238080247232705,0.0033238080247232705,0.0,1,0,,0,253,0,0,0,0
holdout,random_1000,random_multiscale,32,1000,31000,Learned: decision 1 only,4,253,253,0.2470703125,0.1137168337118342,0.0,-0.1507773805868342,0.0033238080247232705,0.0032432648545297903,0.0032432648545297903,0.0,1,0,,0,253,0,0,0,0
holdout,random_1000,random_multiscale,32,1000,31000,Learned: decision 1 only,5,253,253,0.2470703125,0.11191209226241979,0.0,-0.1489726391374198,0.0032432648545297903,0.003212830879600514,0.003212830879600514,0.0,1,0,,0,253,0,0,0,0
holdout,random_1000,random_multiscale,32,1000,31000,Learned: decision 1 only,6,253,253,0.2470703125,0.11154748180170439,0.0,-0.1486080286767044,0.003212830879600514,0.003201414583101916,0.003201414583101916,0.0,1,0,,0,253,0,0,0,0
holdout,random_1001,random_multiscale,32,1001,31001,AMDI,1,142,142,0.138671875,0.20528319705983608,0.0,-0.2260839783098361,0.004166957852501057,0.004152547240330683,0.004152547240330683,0.0,1,3,retain,,,,0,0,0
holdout,random_1001,random_multiscale,32,1001,31001,AMDI,2,142,142,0.138671875,0.20047227786408237,0.0,-0.22127305911408238,0.004152547240330683,0.004147779506275988,0.004147779506275988,0.0,1,3,retain,,,,0,0,0
holdout,random_1001,random_multiscale,32,1001,31001,AMDI,3,142,142,0.138671875,0.19752749202421357,0.0,-0.21832827327421359,0.004147779506275988,0.00414643282175386,0.00414643282175386,0.0,1,3,retain,,,,0,0,0
holdout,random_1001,random_multiscale,32,1001,31001,AMDI,4,142,142,0.138671875,0.19572491853635138,0.0,-0.2165256997863514,0.00414643282175386,0.004146215935953698,0.004146215935953698,0.0,1,3,retain,,,,0,0,0
holdout,random_1001,random_multiscale,32,1001,31001,AMDI,5,142,142,0.138671875,0.19462971226261344,0.0,-0.21543049351261345,0.004146215935953698,0.004146215936837483,0.004146215936837483,0.0,1,3,retain,,,,0,0,0
holdout,random_1001,random_multiscale,32,1001,31001,AMDI,6,142,142,0.138671875,0.19396295647335932,0.0,-0.21476373772335933,0.004146215936837483,0.004146215937721924,0.004146215937721924,0.0,1,3,retain,,,,0,0,0
holdout,random_1001,random_multiscale,32,1001,31001,Learned AMDI,1,142,265,0.2587890625,0.20528319705983608,0.1201171875,-0.2465039001848361,0.004166957852501057,0.004152547240330683,0.004188579031573326,3.603179124264319e-05,1,0,,41,101,0,41,0,41
holdout,random_1001,random_multiscale,32,1001,31001,Learned AMDI,2,265,265,0.2587890625,0.17552358199541546,0.0,-0.21434194137041546,0.004188579031573326,0.0035228324321660174,0.0035228324321660174,0.0,1,0,,0,265,0,0,0,0
holdout,random_1001,random_multiscale,32,1001,31001,Learned AMDI,3,265,265,0.2587890625,0.1618733953300301,0.0,-0.2006917547050301,0.0035228324321660174,0.00326921392677644,0.00326921392677644,0.0,1,0,,0,265,0,0,0,0
holdout,random_1001,random_multiscale,32,1001,31001,Learned AMDI,4,265,265,0.2587890625,0.1558405754571417,0.0,-0.1946589348321417,0.00326921392677644,0.003172685351783295,0.003172685351783295,0.0,1,0,,0,263,2,0,0,0
holdout,random_1001,random_multiscale,32,1001,31001,Learned AMDI,5,265,265,0.2587890625,0.1531681039492004,0.0,-0.1919864633242004,0.003172685351783295,0.003136008276367293,0.003136008276367293,0.0,1,0,,0,263,2,0,0,0
holdout,random_1001,random_multiscale,32,1001,31001,Learned AMDI,6,265,265,0.2587890625,0.15194848538228833,0.0,-0.19076684475728833,0.003136008276367293,0.0031221135680192078,0.0031221135680192078,0.0,1,0,,0,262,3,0,0,0
holdout,random_1001,random_multiscale,32,1001,31001,Learned: decision 1 only,1,142,265,0.2587890625,0.20528319705983608,0.1201171875,-0.2465039001848361,0.004166957852501057,0.004152547240330683,0.004188579031573326,3.603179124264319e-05,1,0,,41,101,0,41,0,41
holdout,random_1001,random_multiscale,32,1001,31001,Learned: decision 1 only,2,265,265,0.2587890625,0.17552358199541546,0.0,-0.21434194137041546,0.004188579031573326,0.0035228324321660174,0.0035228324321660174,0.0,1,0,,0,265,0,0,0,0
holdout,random_1001,random_multiscale,32,1001,31001,Learned: decision 1 only,3,265,265,0.2587890625,0.1618733953300301,0.0,-0.2006917547050301,0.0035228324321660174,0.00326921392677644,0.00326921392677644,0.0,1,0,,0,265,0,0,0,0
holdout,random_1001,random_multiscale,32,1001,31001,Learned: decision 1 only,4,265,265,0.2587890625,0.1558405754571417,0.0,-0.1946589348321417,0.00326921392677644,0.003172685351783295,0.003172685351783295,0.0,1,0,,0,265,0,0,0,0
holdout,random_1001,random_multiscale,32,1001,31001,Learned: decision 1 only,5,265,265,0.2587890625,0.1531681039492004,0.0,-0.1919864633242004,0.003172685351783295,0.003136008276367293,0.003136008276367293,0.0,1,0,,0,265,0,0,0,0
holdout,random_1001,random_multiscale,32,1001,31001,Learned: decision 1 only,6,265,265,0.2587890625,0.15194848538228833,0.0,-0.19076684475728833,0.003136008276367293,0.0031221135680192078,0.0031221135680192078,0.0,1,0,,0,265,0,0,0,0
holdout,random_1002,random_multiscale,32,1002,31002,AMDI,1,151,151,0.1474609375,0.1627490051951651,0.0,-0.18486814582016511,0.004699271950960674,0.00468657464631025,0.00468657464631025,0.0,1,3,retain,,,,0,0,0
holdout,random_1002,random_multiscale,32,1002,31002,AMDI,2,151,151,0.1474609375,0.15886417828113453,0.0,-0.18098331890613453,0.00468657464631025,0.004683072945281987,0.004683072945281987,0.0,1,3,retain,,,,0,0,0
holdout,random_1002,random_multiscale,32,1002,31002,AMDI,3,151,151,0.1474609375,0.1564899396571636,0.0,-0.1786090802821636,0.004683072945281987,0.004682611211819762,0.004682611211819762,0.0,1,3,retain,,,,0,0,0
holdout,random_1002,random_multiscale,32,1002,31002,AMDI,4,151,151,0.1474609375,0.1550500006002999,0.0,-0.1771691412252999,0.004682611211819762,0.004682611212339587,0.004682611212339587,0.0,1,3,retain,,,,0,0,0
holdout,random_1002,random_multiscale,32,1002,31002,AMDI,5,151,151,0.1474609375,0.15417610887733665,0.0,-0.17629524950233666,0.004682611212339587,0.004682611212859419,0.004682611212859419,0.0,1,3,retain,,,,0,0,0
holdout,random_1002,random_multiscale,32,1002,31002,AMDI,6,151,151,0.1474609375,0.1541761006369271,0.0,-0.1762952412619271,0.004682611212859419,0.0046826112133792576,0.0046826112133792576,0.0,1,3,retain,,,,0,0,0
holdout,random_1002,random_multiscale,32,1002,31002,Learned AMDI,1,151,304,0.296875,0.1627490051951651,0.1494140625,-0.2102685364451651,0.004699271950960674,0.00468657464631025,0.004721164212929113,3.458956661886274e-05,1,0,,51,100,0,51,0,51
holdout,random_1002,random_multiscale,32,1002,31002,Learned AMDI,2,304,310,0.302734375,0.13614640584366114,0.005859375,-0.18167374959366114,0.004721164212929113,0.0038569534581285093,0.003857830545729469,8.770876009597285e-07,1,0,,2,302,0,2,0,2
holdout,random_1002,random_multiscale,32,1002,31002,Learned AMDI,3,310,310,0.302734375,0.12311143299033843,0.0,-0.16852158924033844,0.003857830545729469,0.003504159026953239,0.003504159026953239,0.0,1,0,,0,310,0,0,0,0
holdout,random_1002,random_multiscale,32,1002,31002,Learned AMDI,4,310,310,0.302734375,0.11738528656797247,0.0,-0.16279544281797248,0.003504159026953239,0.003369489933275451,0.003369489933275451,0.0,1,0,,0,310,0,0,0,0
holdout,random_1002,random_multiscale,32,1002,31002,Learned AMDI,5,310,310,0.302734375,0.11489981338094758,0.0,-0.16030996963094757,0.003369489933275451,0.003318336271294475,0.003318336271294475,0.0,1,0,,0,310,0,0,0,0
holdout,random_1002,random_multiscale,32,1002,31002,Learned AMDI,6,310,310,0.302734375,0.11429534499459498,0.0,-0.15970550124459498,0.003318336271294475,0.003298989304994879,0.003298989304994879,0.0,1,0,,0,310,0,0,0,0
holdout,random_1002,random_multiscale,32,1002,31002,Learned: decision 1 only,1,151,304,0.296875,0.1627490051951651,0.1494140625,-0.2102685364451651,0.004699271950960674,0.00468657464631025,0.004721164212929113,3.458956661886274e-05,1,0,,51,100,0,51,0,51
holdout,random_1002,random_multiscale,32,1002,31002,Learned: decision 1 only,2,304,304,0.296875,0.13614640584366114,0.0,-0.18067765584366113,0.004721164212929113,0.0038569534581285093,0.0038569534581285093,0.0,1,0,,0,304,0,0,0,0
holdout,random_1002,random_multiscale,32,1002,31002,Learned: decision 1 only,3,304,304,0.296875,0.12387440875613961,0.0,-0.1684056587561396,0.0038569534581285093,0.003527591754741421,0.003527591754741421,0.0,1,0,,0,304,0,0,0,0
holdout,random_1002,random_multiscale,32,1002,31002,Learned: decision 1 only,4,304,304,0.296875,0.11847866905208786,0.0,-0.16300991905208786,0.003527591754741421,0.003402260586113299,0.003402260586113299,0.0,1,0,,0,304,0,0,0,0
holdout,random_1002,random_multiscale,32,1002,31002,Learned: decision 1 only,5,304,304,0.296875,0.1161233987334145,0.0,-0.1606546487334145,0.003402260586113299,0.003354694629799824,0.003354694629799824,0.0,1,0,,0,304,0,0,0,0
holdout,random_1002,random_multiscale,32,1002,31002,Learned: decision 1 only,6,304,304,0.296875,0.11556870309531467,0.0,-0.16009995309531466,0.003354694629799824,0.0033367264152918815,0.0033367264152918815,0.0,1,0,,0,304,0,0,0,0
holdout,random_1003,random_multiscale,32,1003,31003,AMDI,1,124,124,0.12109375,0.2147561420118977,0.0,-0.23292020451189768,0.0038592933659082384,0.003847722550494678,0.003847722550494678,0.0,1,3,retain,,,,0,0,0
holdout,random_1003,random_multiscale,32,1003,31003,AMDI,2,124,124,0.12109375,0.20948110958107743,0.0,-0.22764517208107743,0.003847722550494678,0.00384383356436082,0.00384383356436082,0.0,1,3,retain,,,,0,0,0
holdout,random_1003,random_multiscale,32,1003,31003,AMDI,3,124,124,0.12109375,0.20624876248649074,0.0,-0.22441282498649073,0.00384383356436082,0.0038426827330965032,0.0038426827330965032,0.0,1,3,retain,,,,0,0,0
holdout,random_1003,random_multiscale,32,1003,31003,AMDI,4,124,124,0.12109375,0.2042684867654211,0.0,-0.22243254926542108,0.0038426827330965032,0.00384245362427813,0.00384245362427813,0.0,1,3,retain,,,,0,0,0
holdout,random_1003,random_multiscale,32,1003,31003,AMDI,5,124,124,0.12109375,0.2030603269639777,0.0,-0.22122438946397768,0.00384245362427813,0.0038424516997316418,0.0038424516997316418,0.0,1,3,retain,,,,0,0,0
holdout,random_1003,random_multiscale,32,1003,31003,AMDI,6,124,124,0.12109375,0.20232376556187026,0.0,-0.22048782806187026,0.0038424516997316418,0.0038424517003070842,0.0038424517003070842,0.0,1,3,retain,,,,0,0,0
holdout,random_1003,random_multiscale,32,1003,31003,Learned AMDI,1,124,223,0.2177734375,0.2147561420118977,0.0966796875,-0.24935575138689767,0.0038592933659082384,0.003847722550494678,0.0038675708394950437,1.9848289000365567e-05,1,0,,33,91,0,33,0,33
holdout,random_1003,random_multiscale,32,1003,31003,Learned AMDI,2,223,223,0.2177734375,0.18632499818181167,0.0,-0.21899101380681166,0.0038675708394950437,0.003287484412826434,0.003287484412826434,0.0,1,0,,0,223,0,0,0,0
holdout,random_1003,random_multiscale,32,1003,31003,Learned AMDI,3,223,223,0.2177734375,0.17329903830109283,0.0,-0.20596505392609282,0.003287484412826434,0.0030665066391938047,0.0030665066391938047,0.0,1,0,,0,223,0,0,0,0
holdout,random_1003,random_multiscale,32,1003,31003,Learned AMDI,4,223,223,0.2177734375,0.1674869798401931,0.0,-0.20015299546519308,0.0030665066391938047,0.0029823846734763817,0.0029823846734763817,0.0,1,0,,0,223,0,0,0,0
holdout,random_1003,random_multiscale,32,1003,31003,Learned AMDI,5,223,223,0.2177734375,0.16486449624513444,0.0,-0.19753051187013443,0.0029823846734763817,0.0029504019413694005,0.0029504019413694005,0.0,1,0,,0,222,1,0,0,0
holdout,random_1003,random_multiscale,32,1003,31003,Learned AMDI,6,223,223,0.2177734375,0.16363798709454747,0.0,-0.19630400271954745,0.0029504019413694005,0.002938270186066959,0.002938270186066959,0.0,1,0,,0,218,5,0,0,0
holdout,random_1003,random_multiscale,32,1003,31003,Learned: decision 1 only,1,124,223,0.2177734375,0.2147561420118977,0.0966796875,-0.24935575138689767,0.0038592933659082384,0.003847722550494678,0.0038675708394950437,1.9848289000365567e-05,1,0,,33,91,0,33,0,33
holdout,random_1003,random_multiscale,32,1003,31003,Learned: decision 1 only,2,223,223,0.2177734375,0.18632499818181167,0.0,-0.21899101380681166,0.0038675708394950437,0.003287484412826434,0.003287484412826434,0.0,1,0,,0,223,0,0,0,0
holdout,random_1003,random_multiscale,32,1003,31003,Learned: decision 1 only,3,223,223,0.2177734375,0.17329903830109283,0.0,-0.20596505392609282,0.003287484412826434,0.0030665066391938047,0.0030665066391938047,0.0,1,0,,0,223,0,0,0,0
holdout,random_1003,random_multiscale,32,1003,31003,Learned: decision 1 only,4,223,223,0.2177734375,0.1674869798401931,0.0,-0.20015299546519308,0.0030665066391938047,0.0029823846734763817,0.0029823846734763817,0.0,1,0,,0,223,0,0,0,0
holdout,random_1003,random_multiscale,32,1003,31003,Learned: decision 1 only,5,223,223,0.2177734375,0.16486449624513444,0.0,-0.19753051187013443,0.0029823846734763817,0.0029504019413694005,0.0029504019413694005,0.0,1,0,,0,223,0,0,0,0
holdout,random_1003,random_multiscale,32,1003,31003,Learned: decision 1 only,6,223,223,0.2177734375,0.16363798709454747,0.0,-0.19630400271954745,0.0029504019413694005,0.002938270186066959,0.002938270186066959,0.0,1,0,,0,223,0,0,0,0
holdout,random_1004,random_multiscale,32,1004,31004,AMDI,1,157,157,0.1533203125,0.1865218134910022,0.0,-0.2095198603660022,0.004252067188403762,0.0042316605753857746,0.0042316605753857746,0.0,1,3,retain,,,,0,0,0
holdout,random_1004,random_multiscale,32,1004,31004,AMDI,2,157,157,0.1533203125,0.18191673533129069,0.0,-0.2049147822062907,0.0042316605753857746,0.004225054151344207,0.004225054151344207,0.0,1,3,retain,,,,0,0,0
holdout,random_1004,random_multiscale,32,1004,31004,AMDI,3,157,157,0.1533203125,0.17909961007071729,0.0,-0.2020976569457173,0.004225054151344207,0.0042232668945861645,0.0042232668945861645,0.0,1,3,retain,,,,0,0,0
holdout,random_1004,random_multiscale,32,1004,31004,AMDI,4,157,157,0.1533203125,0.177376134105206,0.0,-0.200374180980206,0.0042232668945861645,0.004223046804180227,0.004223046804180227,0.0,1,3,retain,,,,0,0,0
holdout,random_1004,random_multiscale,32,1004,31004,AMDI,5,157,157,0.1533203125,0.17633624912921841,0.0,-0.19933429600421843,0.004223046804180227,0.004223046804771487,0.004223046804771487,0.0,1,3,retain,,,,0,0,0
holdout,random_1004,random_multiscale,32,1004,31004,AMDI,6,157,157,0.1533203125,0.176020213872603,0.0,-0.199018260747603,0.004223046804771487,0.004223046805362759,0.004223046805362759,0.0,1,3,retain,,,,0,0,0
holdout,random_1004,random_multiscale,32,1004,31004,Learned AMDI,1,157,277,0.2705078125,0.1865218134910022,0.1171875,-0.22944173536600218,0.004252067188403762,0.0042316605753857746,0.00426384910951756,3.218853413178551e-05,1,0,,40,117,0,40,0,40
holdout,random_1004,random_multiscale,32,1004,31004,Learned AMDI,2,277,280,0.2734375,0.16058186560699955,0.0029296875,-0.20165608435699955,0.00426384910951756,0.0036415935750490134,0.003642018627942501,4.250528934874112e-07,1,0,,1,276,0,1,0,1
holdout,random_1004,random_multiscale,32,1004,31004,Learned AMDI,3,280,280,0.2734375,0.1481489687366546,0.0,-0.1891645937366546,0.003642018627942501,0.0033910108961156364,0.0033910108961156364,0.0,1,0,,0,280,0,0,0,0
holdout,random_1004,random_multiscale,32,1004,31004,Learned AMDI,4,280,280,0.2734375,0.14265318432262622,0.0,-0.18366880932262622,0.0033910108961156364,0.0032954782141590817,0.0032954782141590817,0.0,1,0,,0,280,0,0,0,0
holdout,random_1004,random_multiscale,32,1004,31004,Learned AMDI,5,280,280,0.2734375,0.140218614898375,0.0,-0.181234239898375,0.0032954782141590817,0.0032592225918056583,0.0032592225918056583,0.0,1,0,,0,279,1,0,0,0
holdout,random_1004,random_multiscale,32,1004,31004,Learned AMDI,6,280,280,0.2734375,0.13940210043095683,0.0,-0.18041772543095683,0.0032592225918056583,0.0032455309321928675,0.0032455309321928675,0.0,1,0,,0,276,4,0,0,0
holdout,random_1004,random_multiscale,32,1004,31004,Learned: decision 1 only,1,157,277,0.2705078125,0.1865218134910022,0.1171875,-0.22944173536600218,0.004252067188403762,0.0042316605753857746,0.00426384910951756,3.218853413178551e-05,1,0,,40,117,0,40,0,40
holdout,random_1004,random_multiscale,32,1004,31004,Learned: decision 1 only,2,277,277,0.2705078125,0.16058186560699955,0.0,-0.20115803748199956,0.00426384910951756,0.0036415935750490134,0.0036415935750490134,0.0,1,0,,0,277,0,0,0,0
holdout,random_1004,random_multiscale,32,1004,31004,Learned: decision 1 only,3,277,277,0.2705078125,0.14870689549672805,0.0,-0.18928306737172806,0.0036415935750490134,0.0034046016902834755,0.0034046016902834755,0.0,1,0,,0,277,0,0,0,0
holdout,random_1004,random_multiscale,32,1004,31004,Learned: decision 1 only,4,277,277,0.2705078125,0.14344733379811417,0.0,-0.18402350567311415,0.0034046016902834755,0.003314500148664692,0.003314500148664692,0.0,1,0,,0,277,0,0,0,0
holdout,random_1004,random_multiscale,32,1004,31004,Learned: decision 1 only,5,277,277,0.2705078125,0.14110495516387012,0.0,-0.18168112703887013,0.003314500148664692,0.0032803494366331295,0.0032803494366331295,0.0,1,0,,0,277,0,0,0,0
holdout,random_1004,random_multiscale,32,1004,31004,Learned: decision 1 only,6,277,277,0.2705078125,0.14032247700330155,0.0,-0.18089864887830154,0.0032803494366331295,0.0032674736973269396,0.0032674736973269396,0.0,1,0,,0,277,0,0,0,0
holdout,random_1005,random_multiscale,32,1005,31005,AMDI,1,130,130,0.126953125,0.18340892185989932,0.0,-0.20245189060989932,0.004323384767733126,0.00430744625826638,0.00430744625826638,0.0,1,3,retain,,,,0,0,0
holdout,random_1005,random_multiscale,32,1005,31005,AMDI,2,130,130,0.126953125,0.17881353367847172,0.0,-0.19785650242847172,0.00430744625826638,0.004301773627138423,0.004301773627138423,0.0,1,3,retain,,,,0,0,0
holdout,random_1005,random_multiscale,32,1005,31005,AMDI,3,130,130,0.126953125,0.17600217361063974,0.0,-0.19504514236063974,0.004301773627138423,0.00429985211404772,0.00429985211404772,0.0,1,3,retain,,,,0,0,0
holdout,random_1005,random_multiscale,32,1005,31005,AMDI,4,130,130,0.126953125,0.1742815112324098,0.0,-0.1933244799824098,0.00429985211404772,0.004299266217270773,0.004299266217270773,0.0,1,3,retain,,,,0,0,0
holdout,random_1005,random_multiscale,32,1005,31005,AMDI,5,130,130,0.126953125,0.17322799463179184,0.0,-0.19227096338179184,0.004299266217270773,0.004299132660936231,0.004299132660936231,0.0,1,3,retain,,,,0,0,0
holdout,random_1005,random_multiscale,32,1005,31005,AMDI,6,130,130,0.126953125,0.1725849692717166,0.0,-0.1916279380217166,0.004299132660936231,0.004299126645623223,0.004299126645623223,0.0,1,3,retain,,,,0,0,0
holdout,random_1005,random_multiscale,32,1005,31005,Learned AMDI,1,130,241,0.2353515625,0.18340892185989932,0.1083984375,-0.22087962498489933,0.004323384767733126,0.00430744625826638,0.004334167893958807,2.6721635692427033e-05,1,0,,37,93,0,37,0,37
holdout,random_1005,random_multiscale,32,1005,31005,Learned AMDI,2,241,244,0.23828125,0.1613652487037051,0.0029296875,-0.1971660299537051,0.004334167893958807,0.0037528569818157786,0.003753301329531485,4.4434771570654036e-07,1,0,,1,240,0,1,0,1
holdout,random_1005,random_multiscale,32,1005,31005,Learned AMDI,3,244,244,0.23828125,0.1508550374813119,0.0,-0.1865972249813119,0.003753301329531485,0.00351860680590967,0.00351860680590967,0.0,1,0,,0,244,0,0,0,0
holdout,random_1005,random_multiscale,32,1005,31005,Learned AMDI,4,244,244,0.23828125,0.14614262280731244,0.0,-0.18188481030731243,0.00351860680590967,0.0034288655215786953,0.0034288655215786953,0.0,1,0,,0,244,0,0,0,0
holdout,random_1005,random_multiscale,32,1005,31005,Learned AMDI,5,244,244,0.23828125,0.14399768408816263,0.0,-0.17973987158816263,0.0034288655215786953,0.00339457433480081,0.00339457433480081,0.0,1,0,,0,244,0,0,0,0
holdout,random_1005,random_multiscale,32,1005,31005,Learned AMDI,6,244,244,0.23828125,0.14298396739855546,0.0,-0.17872615489855545,0.00339457433480081,0.0033814880211621417,0.0033814880211621417,0.0,1,0,,0,236,8,0,0,0
holdout,random_1005,random_multiscale,32,1005,31005,Learned: decision 1 only,1,130,241,0.2353515625,0.18340892185989932,0.1083984375,-0.22087962498489933,0.004323384767733126,0.00430744625826638,0.004334167893958807,2.6721635692427033e-05,1,0,,37,93,0,37,0,37
holdout,random_1005,random_multiscale,32,1005,31005,Learned: decision 1 only,2,241,241,0.2353515625,0.1613652487037051,0.0,-0.19666798307870512,0.004334167893958807,0.0037528569818157786,0.0037528569818157786,0.0,1,0,,0,241,0,0,0,0
holdout,random_1005,random_multiscale,32,1005,31005,Learned: decision 1 only,3,241,241,0.2353515625,0.15127706476670497,0.0,-0.18657979914170497,0.0037528569818157786,0.00353051392129203,0.00353051392129203,0.0,1,0,,0,241,0,0,0,0
holdout,random_1005,random_multiscale,32,1005,31005,Learned: decision 1 only,4,241,241,0.2353515625,0.14674003359637053,0.0,-0.18204276797137053,0.00353051392129203,0.003445503163588887,0.003445503163588887,0.0,1,0,,0,241,0,0,0,0
holdout,random_1005,random_multiscale,32,1005,31005,Learned: decision 1 only,5,241,241,0.2353515625,0.14466368129309626,0.0,-0.17996641566809626,0.003445503163588887,0.0034130243729237233,0.0034130243729237233,0.0,1,0,,0,241,0,0,0,0
holdout,random_1005,random_multiscale,32,1005,31005,Learned: decision 1 only,6,241,241,0.2353515625,0.14367571621008038,0.0,-0.17897845058508038,0.0034130243729237233,0.003400632689929867,0.003400632689929867,0.0,1,0,,0,241,0,0,0,0
holdout,random_1006,random_multiscale,32,1006,31006,AMDI,1,130,130,0.126953125,0.17619193633518715,0.0,-0.19523490508518715,0.004562831626224159,0.004550590820290633,0.004550590820290633,0.0,1,3,retain,,,,0,0,0
holdout,random_1006,random_multiscale,32,1006,31006,AMDI,2,130,130,0.126953125,0.1720796288243565,0.0,-0.1911225975743565,0.004550590820290633,0.004547183908364756,0.004547183908364756,0.0,1,3,retain,,,,0,0,0
holdout,random_1006,random_multiscale,32,1006,31006,AMDI,3,130,130,0.126953125,0.16956472220866972,0.0,-0.18860769095866972,0.004547183908364756,0.004546706602957156,0.004546706602957156,0.0,1,3,retain,,,,0,0,0
holdout,random_1006,random_multiscale,32,1006,31006,AMDI,4,130,130,0.126953125,0.16803891606043794,0.0,-0.18708188481043794,0.004546706602957156,0.00454670660374667,0.00454670660374667,0.0,1,3,retain,,,,0,0,0
holdout,random_1006,random_multiscale,32,1006,31006,AMDI,5,130,130,0.126953125,0.16711272777217243,0.0,-0.18615569652217243,0.00454670660374667,0.00454670660453621,0.00454670660453621,0.0,1,3,retain,,,,0,0,0
holdout,random_1006,random_multiscale,32,1006,31006,AMDI,6,130,130,0.126953125,0.167112718924352,0.0,-0.186155687674352,0.00454670660453621,0.0045467066053257775,0.0045467066053257775,0.0,1,3,retain,,,,0,0,0
holdout,random_1006,random_multiscale,32,1006,31006,Learned AMDI,1,130,247,0.2412109375,0.17619193633518715,0.1142578125,-0.21465873321018716,0.004562831626224159,0.004550590820290633,0.004575799245756244,2.5208425465610314e-05,1,0,,39,91,0,39,0,39
holdout,random_1006,random_multiscale,32,1006,31006,Learned AMDI,2,247,247,0.2412109375,0.15150740840154853,0.0,-0.18768904902654854,0.004575799245756244,0.0038687545998918912,0.0038687545998918912,0.0,1,0,,0,247,0,0,0,0
holdout,random_1006,random_multiscale,32,1006,31006,Learned AMDI,3,247,247,0.2412109375,0.14022283497078208,0.0,-0.1764044755957821,0.0038687545998918912,0.0035996568640970323,0.0035996568640970323,0.0,1,0,,0,247,0,0,0,0
holdout,random_1006,random_multiscale,32,1006,31006,Learned AMDI,4,247,247,0.2412109375,0.13522902675934528,0.0,-0.1714106673843453,0.0035996568640970323,0.003497416517500002,0.003497416517500002,0.0,1,0,,0,246,1,0,0,0
holdout,random_1006,random_multiscale,32,1006,31006,Learned AMDI,5,247,247,0.2412109375,0.13300552780825817,0.0,-0.16918716843325815,0.003497416517500002,0.0034586901701020006,0.0034586901701020006,0.0,1,0,,0,246,1,0,0,0
holdout,random_1006,random_multiscale,32,1006,31006,Learned AMDI,6,247,247,0.2412109375,0.13252325991163902,0.0,-0.168704900536639,0.0034586901701020006,0.003444100032574828,0.003444100032574828,0.0,1,0,,0,244,3,0,0,0
holdout,random_1006,random_multiscale,32,1006,31006,Learned: decision 1 only,1,130,247,0.2412109375,0.17619193633518715,0.1142578125,-0.21465873321018716,0.004562831626224159,0.004550590820290633,0.004575799245756244,2.5208425465610314e-05,1,0,,39,91,0,39,0,39
holdout,random_1006,random_multiscale,32,1006,31006,Learned: decision 1 only,2,247,247,0.2412109375,0.15150740840154853,0.0,-0.18768904902654854,0.004575799245756244,0.0038687545998918912,0.0038687545998918912,0.0,1,0,,0,247,0,0,0,0
holdout,random_1006,random_multiscale,32,1006,31006,Learned: decision 1 only,3,247,247,0.2412109375,0.14022283497078208,0.0,-0.1764044755957821,0.0038687545998918912,0.0035996568640970323,0.0035996568640970323,0.0,1,0,,0,247,0,0,0,0
holdout,random_1006,random_multiscale,32,1006,31006,Learned: decision 1 only,4,247,247,0.2412109375,0.13522902675934528,0.0,-0.1714106673843453,0.0035996568640970323,0.003497416517500002,0.003497416517500002,0.0,1,0,,0,247,0,0,0,0
holdout,random_1006,random_multiscale,32,1006,31006,Learned: decision 1 only,5,247,247,0.2412109375,0.13300552780825817,0.0,-0.16918716843325815,0.003497416517500002,0.0034586901701020006,0.0034586901701020006,0.0,1,0,,0,247,0,0,0,0
holdout,random_1006,random_multiscale,32,1006,31006,Learned: decision 1 only,6,247,247,0.2412109375,0.13252325991163902,0.0,-0.168704900536639,0.0034586901701020006,0.003444100032574828,0.003444100032574828,0.0,1,0,,0,247,0,0,0,0
holdout,random_1007,random_multiscale,32,1007,31007,AMDI,1,121,121,0.1181640625,0.19135921167722206,0.0,-0.20908382105222206,0.0042243919856488,0.004211466403409481,0.004211466403409481,0.0,1,3,retain,,,,0,0,0
holdout,random_1007,random_multiscale,32,1007,31007,AMDI,2,121,121,0.1181640625,0.18660000456590625,0.0,-0.20432461394090626,0.004211466403409481,0.004207087925985305,0.004207087925985305,0.0,1,3,retain,,,,0,0,0
holdout,random_1007,random_multiscale,32,1007,31007,AMDI,3,121,121,0.1181640625,0.18368826139999525,0.0,-0.20141287077499526,0.004207087925985305,0.004205762750433266,0.004205762750433266,0.0,1,3,retain,,,,0,0,0
holdout,random_1007,random_multiscale,32,1007,31007,AMDI,4,121,121,0.1181640625,0.1819062978690358,0.0,-0.19963090724403582,0.004205762750433266,0.00420547090248139,0.00420547090248139,0.0,1,3,retain,,,,0,0,0
holdout,random_1007,random_multiscale,32,1007,31007,AMDI,5,121,121,0.1181640625,0.18081866961357118,0.0,-0.1985432789885712,0.00420547090248139,0.004205462578831384,0.004205462578831384,0.0,1,3,retain,,,,0,0,0
holdout,random_1007,random_multiscale,32,1007,31007,AMDI,6,121,121,0.1181640625,0.18015661313369766,0.0,-0.19788122250869766,0.004205462578831384,0.0042054625793823755,0.0042054625793823755,0.0,1,3,retain,,,,0,0,0
holdout,random_1007,random_multiscale,32,1007,31007,Learned AMDI,1,121,214,0.208984375,0.19135921167722206,0.0908203125,-0.22452327417722207,0.0042243919856488,0.004211466403409481,0.004232437548445963,2.0971145036481793e-05,1,0,,31,90,0,31,0,31
holdout,random_1007,random_multiscale,32,1007,31007,Learned AMDI,2,214,220,0.21484375,0.17134085860041087,0.005859375,-0.20368460860041088,0.004232437548445963,0.003745012307909522,0.0037458627195126495,8.504116031276057e-07,1,0,,2,212,0,2,0,2
holdout,random_1007,random_multiscale,32,1007,31007,Learned AMDI,3,220,220,0.21484375,0.16133689792284406,0.0,-0.19356346042284406,0.0037458627195126495,0.0035365738368071387,0.0035365738368071387,0.0,1,0,,0,220,0,0,0,0
holdout,random_1007,random_multiscale,32,1007,31007,Learned AMDI,4,220,220,0.21484375,0.1568114571230899,0.0,-0.1890380196230899,0.0035365738368071387,0.003456852512527993,0.003456852512527993,0.0,1,0,,0,220,0,0,0,0
holdout,random_1007,random_multiscale,32,1007,31007,Learned AMDI,5,220,220,0.21484375,0.15471849309420058,0.0,-0.18694505559420058,0.003456852512527993,0.0034265267260221847,0.0034265267260221847,0.0,1,0,,0,219,1,0,0,0
holdout,random_1007,random_multiscale,32,1007,31007,Learned AMDI,6,220,220,0.21484375,0.1537091765062265,0.0,-0.1859357390062265,0.0034265267260221847,0.0034150190311099905,0.0034150190311099905,0.0,1,0,,0,217,3,0,0,0
holdout,random_1007,random_multiscale,32,1007,31007,Learned: decision 1 only,1,121,214,0.208984375,0.19135921167722206,0.0908203125,-0.22452327417722207,0.0042243919856488,0.004211466403409481,0.004232437548445963,2.0971145036481793e-05,1,0,,31,90,0,31,0,31
holdout,random_1007,random_multiscale,32,1007,31007,Learned: decision 1 only,2,214,214,0.208984375,0.17134085860041087,0.0,-0.20268851485041087,0.004232437548445963,0.003745012307909522,0.003745012307909522,0.0,1,0,,0,214,0,0,0,0
holdout,random_1007,random_multiscale,32,1007,31007,Learned: decision 1 only,3,214,214,0.208984375,0.16217024861636112,0.0,-0.1935179048663611,0.003745012307909522,0.003559534886148518,0.003559534886148518,0.0,1,0,,0,214,0,0,0,0
holdout,random_1007,random_multiscale,32,1007,31007,Learned: decision 1 only,4,214,214,0.208984375,0.15798747412399955,0.0,-0.18933513037399954,0.003559534886148518,0.003489015528570996,0.003489015528570996,0.0,1,0,,0,214,0,0,0,0
holdout,random_1007,random_multiscale,32,1007,31007,Learned: decision 1 only,5,214,214,0.208984375,0.15602742548413795,0.0,-0.18737508173413794,0.003489015528570996,0.0034622465577238744,0.0034622465577238744,0.0,1,0,,0,214,0,0,0,0
holdout,random_1007,random_multiscale,32,1007,31007,Learned: decision 1 only,6,214,214,0.208984375,0.15506738381333376,0.0,-0.18641504006333376,0.0034622465577238744,0.0034521139522977057,0.0034521139522977057,0.0,1,0,,0,214,0,0,0,0
holdout,four_region,four_region,32,0,137,AMDI,1,181,169,0.1650390625,0.2010581841424412,0.01171875,-0.2260484185174412,0.005700534095575744,0.0056816437991401205,0.0056666549707247525,-1.4988828415368055e-05,1,3,coarsen,,,,0,4,4
holdout,four_region,four_region,32,0,137,AMDI,2,169,169,0.1650390625,0.19623369333828836,0.0,-0.22098955271328835,0.0056666549707247525,0.005661438826015217,0.005661438826015217,0.0,1,3,retain,,,,0,0,0
holdout,four_region,four_region,32,0,137,AMDI,3,169,169,0.1650390625,0.193291313092889,0.0,-0.218047172467889,0.005661438826015217,0.005660218339060298,0.005660218339060298,0.0,1,3,retain,,,,0,0,0
holdout,four_region,four_region,32,0,137,AMDI,4,169,169,0.1650390625,0.19151365901542186,0.0,-0.21626951839042186,0.005660218339060298,0.005660156225307583,0.005660156225307583,0.0,1,3,retain,,,,0,0,0
holdout,four_region,four_region,32,0,137,AMDI,5,169,169,0.1650390625,0.19044785027203648,0.0,-0.21520370964703647,0.005660156225307583,0.0056601562259820035,0.0056601562259820035,0.0,1,3,retain,,,,0,0,0
holdout,four_region,four_region,32,0,137,AMDI,6,169,169,0.1650390625,0.19012481421708693,0.0,-0.21488067359208693,0.0056601562259820035,0.005660156226656783,0.005660156226656783,0.0,1,3,retain,,,,0,0,0
holdout,four_region,four_region,32,0,137,Learned AMDI,1,181,403,0.3935546875,0.20083810759115997,0.216796875,-0.26420724821616,0.005700534095575744,0.0056816437991401205,0.005742746492483901,6.110269334378034e-05,1,0,,74,107,0,74,0,74
holdout,four_region,four_region,32,0,137,Learned AMDI,2,403,409,0.3994140625,0.15719533985095382,0.005859375,-0.21722463672595382,0.005742746492483901,0.004302502243108732,0.00430335215336839,8.499102596582625e-07,1,0,,2,401,0,2,0,2
holdout,four_region,four_region,32,0,137,Learned AMDI,3,409,409,0.3994140625,0.1354769120731089,0.0,-0.1953890214481089,0.00430335215336839,0.003733526936279676,0.003733526936279676,0.0,1,0,,0,409,0,0,0,0
holdout,four_region,four_region,32,0,137,Learned AMDI,4,409,409,0.3994140625,0.1259673099904436,0.0,-0.18587941936544358,0.003733526936279676,0.003520640819913564,0.003520640819913564,0.0,1,0,,0,407,2,0,0,0
holdout,four_region,four_region,32,0,137,Learned AMDI,5,409,409,0.3994140625,0.12196462841245793,0.0,-0.18187673778745794,0.003520640819913564,0.0034411532330200366,0.0034411532330200366,0.0,1,0,,0,407,2,0,0,0
holdout,four_region,four_region,32,0,137,Learned AMDI,6,409,409,0.3994140625,0.12053523594860521,0.0,-0.1804473453236052,0.0034411532330200366,0.0034115214387490495,0.0034115214387490495,0.0,1,0,,0,407,2,0,0,0
holdout,four_region,four_region,32,0,137,Learned: decision 1 only,1,181,403,0.3935546875,0.20083810759115997,0.216796875,-0.26420724821616,0.005700534095575744,0.0056816437991401205,0.005742746492483901,6.110269334378034e-05,1,0,,74,107,0,74,0,74
holdout,four_region,four_region,32,0,137,Learned: decision 1 only,2,403,403,0.3935546875,0.15719533985095382,0.0,-0.2162285429759538,0.005742746492483901,0.004302502243108732,0.004302502243108732,0.0,1,0,,0,403,0,0,0,0
holdout,four_region,four_region,32,0,137,Learned: decision 1 only,3,403,403,0.3935546875,0.1365997756556069,0.0,-0.1956329787806069,0.004302502243108732,0.003765103921600653,0.003765103921600653,0.0,1,0,,0,403,0,0,0,0
holdout,four_region,four_region,32,0,137,Learned: decision 1 only,4,403,403,0.3935546875,0.12761140917360395,0.0,-0.18664461229860393,0.003765103921600653,0.003564592675292074,0.003564592675292074,0.0,1,0,,0,403,0,0,0,0
holdout,four_region,four_region,32,0,137,Learned: decision 1 only,5,403,403,0.3935546875,0.12382005811952261,0.0,-0.1828532612445226,0.003564592675292074,0.003489828669754515,0.003489828669754515,0.0,1,0,,0,403,0,0,0,0
holdout,four_region,four_region,32,0,137,Learned: decision 1 only,6,403,403,0.3935546875,0.12247004195093557,0.0,-0.18150324507593557,0.003489828669754515,0.003462000370742085,0.003462000370742085,0.0,1,0,,0,403,0,0,0,0
transfer,random_1000,random_multiscale,32,1000,51032,AMDI,1,145,145,0.1416015625,0.15561823273220127,0.0,-0.17685846710720127,0.004474734462940248,0.0044601596895434865,0.0044601596895434865,0.0,1,3,retain,,,,0,0,0
transfer,random_1000,random_multiscale,32,1000,51032,AMDI,2,145,145,0.1416015625,0.15177438208399938,0.0,-0.17301461645899938,0.0044601596895434865,0.004455925176617656,0.004455925176617656,0.0,1,3,retain,,,,0,0,0
transfer,random_1000,random_multiscale,32,1000,51032,AMDI,3,145,145,0.1416015625,0.14942559749360862,0.0,-0.17066583186860862,0.004455925176617656,0.004455167604648863,0.004455167604648863,0.0,1,3,retain,,,,0,0,0
transfer,random_1000,random_multiscale,32,1000,51032,AMDI,4,145,145,0.1416015625,0.14800263772222183,0.0,-0.16924287209722183,0.004455167604648863,0.004455167376593862,0.004455167376593862,0.0,1,3,retain,,,,0,0,0
transfer,random_1000,random_multiscale,32,1000,51032,AMDI,5,145,145,0.1416015625,0.14714018187602942,0.0,-0.16838041625102942,0.004455167376593862,0.004455167377356634,0.004455167377356634,0.0,1,3,retain,,,,0,0,0
transfer,random_1000,random_multiscale,32,1000,51032,AMDI,6,145,145,0.1416015625,0.1471401511250813,0.0,-0.1683803855000813,0.004455167377356634,0.004455167378247684,0.004455167378247684,0.0,1,3,retain,,,,0,0,0
transfer,random_1000,random_multiscale,32,1000,51032,Learned AMDI,1,145,247,0.2412109375,0.15561823273220127,0.099609375,-0.19379206085720127,0.004474734462940248,0.0044601596895434865,0.004486377112725298,2.6217423181811028e-05,1,0,,34,111,0,34,0,34
transfer,random_1000,random_multiscale,32,1000,51032,Learned AMDI,2,247,253,0.2470703125,0.13605543492358302,0.005859375,-0.173233169298583,0.004486377112725298,0.003897593270949604,0.0038984448364482727,8.515654986687889e-07,1,0,,2,245,0,2,0,2
transfer,random_1000,random_multiscale,32,1000,51032,Learned AMDI,3,253,253,0.2470703125,0.12635015076838388,0.0,-0.16341069764338387,0.0038984448364482727,0.003649202020010963,0.003649202020010963,0.0,1,0,,0,253,0,0,0,0
transfer,random_1000,random_multiscale,32,1000,51032,Learned AMDI,4,253,253,0.2470703125,0.12203492332102707,0.0,-0.15909547019602707,0.003649202020010963,0.0035546072021278748,0.0035546072021278748,0.0,1,0,,0,253,0,0,0,0
transfer,random_1000,random_multiscale,32,1000,51032,Learned AMDI,5,253,253,0.2470703125,0.1200965553512253,0.0,-0.1571571022262253,0.0035546072021278748,0.003518829877026763,0.003518829877026763,0.0,1,0,,0,253,0,0,0,0
transfer,random_1000,random_multiscale,32,1000,51032,Learned AMDI,6,253,253,0.2470703125,0.11969682669839532,0.0,-0.1567573735733953,0.003518829877026763,0.0035053804181992896,0.0035053804181992896,0.0,1,0,,0,251,2,0,0,0
transfer,random_1001,random_multiscale,32,1001,51033,AMDI,1,145,145,0.1416015625,0.20411491812374444,0.0,-0.22535515249874444,0.004119784963632384,0.0041049316330547805,0.0041049316330547805,0.0,1,3,retain,,,,0,0,0
transfer,random_1001,random_multiscale,32,1001,51033,AMDI,2,145,145,0.1416015625,0.19927541350222555,0.0,-0.22051564787722555,0.0041049316330547805,0.004100021508316067,0.004100021508316067,0.0,1,3,retain,,,,0,0,0
transfer,random_1001,random_multiscale,32,1001,51033,AMDI,3,145,145,0.1416015625,0.1963103480962458,0.0,-0.2175505824712458,0.004100021508316067,0.004098631437313476,0.004098631437313476,0.0,1,3,retain,,,,0,0,0
transfer,random_1001,random_multiscale,32,1001,51033,AMDI,4,145,145,0.1416015625,0.19449394786107013,0.0,-0.21573418223607013,0.004098631437313476,0.004098406178802286,0.004098406178802286,0.0,1,3,retain,,,,0,0,0
transfer,random_1001,random_multiscale,32,1001,51033,AMDI,5,145,145,0.1416015625,0.19338897999268975,0.0,-0.21462921436768975,0.004098406178802286,0.0040984061796213965,0.0040984061796213965,0.0,1,3,retain,,,,0,0,0
transfer,random_1001,random_multiscale,32,1001,51033,AMDI,6,145,145,0.1416015625,0.19271585742496727,0.0,-0.21395609179996727,0.0040984061796213965,0.004098406180441182,0.004098406180441182,0.0,1,3,retain,,,,0,0,0
transfer,random_1001,random_multiscale,32,1001,51033,Learned AMDI,1,145,265,0.2587890625,0.20411491812374444,0.1171875,-0.24527702749874444,0.004119784963632384,0.0041049316330547805,0.004129485324803334,2.455369174855348e-05,1,0,,40,105,0,40,0,40
transfer,random_1001,random_multiscale,32,1001,51033,Learned AMDI,2,265,268,0.26171875,0.17731560612222366,0.0029296875,-0.21663201237222365,0.004129485324803334,0.0035489359926815962,0.0035493635078425066,4.2751516091035086e-07,1,0,,1,264,0,1,0,1
transfer,random_1001,random_multiscale,32,1001,51033,Learned AMDI,3,268,268,0.26171875,0.16450225702989568,0.0,-0.20376006952989567,0.0035493635078425066,0.0033155594410922665,0.0033155594410922665,0.0,1,0,,0,268,0,0,0,0
transfer,random_1001,random_multiscale,32,1001,51033,Learned AMDI,4,268,268,0.26171875,0.1587967073098705,0.0,-0.1980545198098705,0.0033155594410922665,0.0032262797692125846,0.0032262797692125846,0.0,1,0,,0,267,1,0,0,0
transfer,random_1001,random_multiscale,32,1001,51033,Learned AMDI,5,268,268,0.26171875,0.15623823132497514,0.0,-0.19549604382497512,0.0032262797692125846,0.003192252639458886,0.003192252639458886,0.0,1,0,,0,266,2,0,0,0
transfer,random_1001,random_multiscale,32,1001,51033,Learned AMDI,6,268,268,0.26171875,0.15505304699862,0.0,-0.19431085949861998,0.003192252639458886,0.003179326277726808,0.003179326277726808,0.0,1,0,,0,264,4,0,0,0
transfer,random_1002,random_multiscale,32,1002,51034,AMDI,1,130,130,0.126953125,0.15538335535037986,0.0,-0.17442632410037986,0.004476948481537092,0.004465042340506178,0.004465042340506178,0.0,1,3,retain,,,,0,0,0
transfer,random_1002,random_multiscale,32,1002,51034,AMDI,2,130,130,0.126953125,0.15157468560402032,0.0,-0.17061765435402032,0.004465042340506178,0.004461845797638253,0.004461845797638253,0.0,1,3,retain,,,,0,0,0
transfer,random_1002,random_multiscale,32,1002,51034,AMDI,3,130,130,0.126953125,0.14925007393572087,0.0,-0.16829304268572087,0.004461845797638253,0.004461498965983969,0.004461498965983969,0.0,1,3,retain,,,,0,0,0
transfer,random_1002,random_multiscale,32,1002,51034,AMDI,4,130,130,0.126953125,0.14784153872853567,0.0,-0.16688450747853567,0.004461498965983969,0.004461498966712187,0.004461498966712187,0.0,1,3,retain,,,,0,0,0
transfer,random_1002,random_multiscale,32,1002,51034,AMDI,5,130,130,0.126953125,0.14698743475491668,0.0,-0.16603040350491668,0.004461498966712187,0.004461498967440411,0.004461498967440411,0.0,1,3,retain,,,,0,0,0
transfer,random_1002,random_multiscale,32,1002,51034,AMDI,6,130,130,0.126953125,0.14698743067998607,0.0,-0.16603039942998607,0.004461498967440411,0.004461498968168641,0.004461498968168641,0.0,1,3,retain,,,,0,0,0
transfer,random_1002,random_multiscale,32,1002,51034,Learned AMDI,1,130,244,0.23828125,0.15538335535037986,0.111328125,-0.19335210535037986,0.004476948481537092,0.004465042340506178,0.004497165639513826,3.2123299007647856e-05,1,0,,38,92,0,38,0,38
transfer,random_1002,random_multiscale,32,1002,51034,Learned AMDI,2,244,250,0.244140625,0.1332966371563969,0.005859375,-0.1700349184063969,0.004497165639513826,0.0038060207870114905,0.003806872087300125,8.513002886342998e-07,1,0,,2,242,0,2,0,2
transfer,random_1002,random_multiscale,32,1002,51034,Learned AMDI,3,250,250,0.244140625,0.12249038928305542,0.0,-0.15911148303305542,0.003806872087300125,0.00352160996478204,0.00352160996478204,0.0,1,0,,0,250,0,0,0,0
transfer,random_1002,random_multiscale,32,1002,51034,Learned AMDI,4,250,250,0.244140625,0.1177095103426536,0.0,-0.1543306040926536,0.00352160996478204,0.0034132668444086206,0.0034132668444086206,0.0,1,0,,0,249,1,0,0,0
transfer,random_1002,random_multiscale,32,1002,51034,Learned AMDI,5,250,250,0.244140625,0.11558994557038886,0.0,-0.15221103932038887,0.0034132668444086206,0.0033722443609987014,0.0033722443609987014,0.0,1,0,,0,249,1,0,0,0
transfer,random_1002,random_multiscale,32,1002,51034,Learned AMDI,6,250,250,0.244140625,0.11511792791409503,0.0,-0.15173902166409503,0.0033722443609987014,0.0033567961161657597,0.0033567961161657597,0.0,1,0,,0,247,3,0,0,0
transfer,random_1003,random_multiscale,32,1003,51035,AMDI,1,139,139,0.1357421875,0.2173613355594961,0.0,-0.2377226636844961,0.004107896119784615,0.004094969213306101,0.004094969213306101,0.0,1,3,retain,,,,0,0,0
transfer,random_1003,random_multiscale,32,1003,51035,AMDI,2,139,139,0.1357421875,0.2121923921240746,0.0,-0.23255372024907459,0.004094969213306101,0.004090589436723047,0.004090589436723047,0.0,1,3,retain,,,,0,0,0
transfer,random_1003,random_multiscale,32,1003,51035,AMDI,3,139,139,0.1357421875,0.20902691510389276,0.0,-0.22938824322889276,0.004090589436723047,0.004089265662682592,0.004089265662682592,0.0,1,3,retain,,,,0,0,0
transfer,random_1003,random_multiscale,32,1003,51035,AMDI,4,139,139,0.1357421875,0.20708858146268136,0.0,-0.22744990958768135,0.004089265662682592,0.004088979799412656,0.004088979799412656,0.0,1,3,retain,,,,0,0,0
transfer,random_1003,random_multiscale,32,1003,51035,AMDI,5,139,139,0.1357421875,0.2059054282617589,0.0,-0.2262667563867589,0.004088979799412656,0.0040889749659591725,0.0040889749659591725,0.0,1,3,retain,,,,0,0,0
transfer,random_1003,random_multiscale,32,1003,51035,AMDI,6,139,139,0.1357421875,0.20518546934853818,0.0,-0.22554679747353817,0.0040889749659591725,0.0040889749667117935,0.0040889749667117935,0.0,1,3,retain,,,,0,0,0
transfer,random_1003,random_multiscale,32,1003,51035,Learned AMDI,1,139,247,0.2412109375,0.2173613355594961,0.10546875,-0.25565235118449614,0.004107896119784615,0.004094969213306101,0.0041183965430292065,2.3427329723105933e-05,1,0,,36,103,0,36,0,36
transfer,random_1003,random_multiscale,32,1003,51035,Learned AMDI,2,247,250,0.244140625,0.18734022382292007,0.0029296875,-0.22401991132292007,0.0041183965430292065,0.0034650197657672367,0.0034654450078505004,4.2524208326366955e-07,1,0,,1,246,0,1,0,1
transfer,random_1003,random_multiscale,32,1003,51035,Learned AMDI,3,250,250,0.244140625,0.17309706080159687,0.0,-0.20971815455159687,0.0034654450078505004,0.0032053438851931955,0.0032053438851931955,0.0,1,0,,0,250,0,0,0,0
transfer,random_1003,random_multiscale,32,1003,51035,Learned AMDI,4,250,250,0.244140625,0.16678775497211043,0.0,-0.20340884872211043,0.0032053438851931955,0.003106381947128601,0.003106381947128601,0.0,1,0,,0,249,1,0,0,0
transfer,random_1003,random_multiscale,32,1003,51035,Learned AMDI,5,250,250,0.244140625,0.16397817305323958,0.0,-0.20059926680323958,0.003106381947128601,0.0030687678296996046,0.0030687678296996046,0.0,1,0,,0,248,2,0,0,0
transfer,random_1003,random_multiscale,32,1003,51035,Learned AMDI,6,250,250,0.244140625,0.16268621052185245,0.0,-0.19930730427185245,0.0030687678296996046,0.0030544986716143957,0.0030544986716143957,0.0,1,0,,0,248,2,0,0,0
transfer,random_1000,random_multiscale,64,1000,51064,AMDI,1,157,157,0.038330078125,0.16355435500977777,0.0,-0.16930386672852776,0.004815925321448316,0.004802199543295313,0.004802199543295313,0.0,1,3,retain,,,,0,0,0
transfer,random_1000,random_multiscale,64,1000,51064,AMDI,2,157,157,0.038330078125,0.1568614449589706,0.0,-0.16261095667772058,0.004802199543295313,0.004798193581572378,0.004798193581572378,0.0,1,3,retain,,,,0,0,0
transfer,random_1000,random_multiscale,64,1000,51064,AMDI,3,157,157,0.038330078125,0.15280270731218049,0.0,-0.15855221903093047,0.004798193581572378,0.004797461352470736,0.004797461352470736,0.0,1,3,retain,,,,0,0,0
transfer,random_1000,random_multiscale,64,1000,51064,AMDI,4,157,157,0.038330078125,0.1503427639350973,0.0,-0.15609227565384728,0.004797461352470736,0.004797460562473078,0.004797460562473078,0.0,1,3,retain,,,,0,0,0
transfer,random_1000,random_multiscale,64,1000,51064,AMDI,5,157,157,0.038330078125,0.14884954777550352,0.0,-0.1545990594942535,0.004797460562473078,0.00479746056340219,0.00479746056340219,0.0,1,3,retain,,,,0,0,0
transfer,random_1000,random_multiscale,64,1000,51064,AMDI,6,157,157,0.038330078125,0.1479399640438269,0.0,-0.15368947576257688,0.00479746056340219,0.004797460564360735,0.004797460564360735,0.0,1,3,retain,,,,0,0,0
transfer,random_1000,random_multiscale,64,1000,51064,Learned AMDI,1,157,175,0.042724609375,0.16355435500977777,0.00439453125,-0.17005093704102778,0.004815925321448316,0.004802199543295313,0.004805859918585314,3.660375290000413e-06,1,0,,6,151,0,6,0,6
transfer,random_1000,random_multiscale,64,1000,51064,Learned AMDI,2,175,175,0.042724609375,0.15460774578787181,0.0,-0.16101643719412181,0.004805859918585314,0.0047149581123802665,0.0047149581123802665,0.0,1,0,,0,175,0,0,0,0
transfer,random_1000,random_multiscale,64,1000,51064,Learned AMDI,3,175,175,0.042724609375,0.14963097013078705,0.0,-0.15603966153703705,0.0047149581123802665,0.004680818614556396,0.004680818614556396,0.0,1,0,,0,175,0,0,0,0
transfer,random_1000,random_multiscale,64,1000,51064,Learned AMDI,4,175,175,0.042724609375,0.14679940099747266,0.0,-0.15320809240372266,0.004680818614556396,0.004668199982015809,0.004668199982015809,0.0,1,0,,0,175,0,0,0,0
transfer,random_1000,random_multiscale,64,1000,51064,Learned AMDI,5,175,175,0.042724609375,0.1451537551065193,0.0,-0.1515624465127693,0.004668199982015809,0.004663666651472061,0.004663666651472061,0.0,1,0,,0,175,0,0,0,0
transfer,random_1000,random_multiscale,64,1000,51064,Learned AMDI,6,175,175,0.042724609375,0.14418097791873777,0.0,-0.15058966932498777,0.004663666651472061,0.004662124269832204,0.004662124269832204,0.0,1,0,,0,175,0,0,0,0
transfer,random_1001,random_multiscale,64,1001,51065,AMDI,1,157,157,0.038330078125,0.21838602845856692,0.0,-0.2241355401773169,0.0048534220796505635,0.004839909632653741,0.004839909632653741,0.0,1,3,retain,,,,0,0,0
transfer,random_1001,random_multiscale,64,1001,51065,AMDI,2,157,157,0.038330078125,0.20987035757784744,0.0,-0.21561986929659743,0.004839909632653741,0.004835387554527598,0.004835387554527598,0.0,1,3,retain,,,,0,0,0
transfer,random_1001,random_multiscale,64,1001,51065,AMDI,3,157,157,0.038330078125,0.2046896602803681,0.0,-0.2104391719991181,0.004835387554527598,0.004834084562518612,0.004834084562518612,0.0,1,3,retain,,,,0,0,0
transfer,random_1001,random_multiscale,64,1001,51065,AMDI,4,157,157,0.038330078125,0.20153063598154253,0.0,-0.20728014770029252,0.004834084562518612,0.0048338472684147735,0.0048338472684147735,0.0,1,3,retain,,,,0,0,0
transfer,random_1001,random_multiscale,64,1001,51065,AMDI,5,157,157,0.038330078125,0.19960552739214987,0.0,-0.20535503911089986,0.0048338472684147735,0.004833847213595919,0.004833847213595919,0.0,1,3,retain,,,,0,0,0
transfer,random_1001,random_multiscale,64,1001,51065,AMDI,6,157,157,0.038330078125,0.1984314752065592,0.0,-0.2041809869253092,0.004833847213595919,0.004833847214185365,0.004833847214185365,0.0,1,3,retain,,,,0,0,0
transfer,random_1001,random_multiscale,64,1001,51065,Learned AMDI,1,157,172,0.0419921875,0.21838602845856692,0.003662109375,-0.2247580987710669,0.0048534220796505635,0.004839909632653741,0.004842816705752161,2.9070730984204554e-06,1,0,,5,152,0,5,0,5
transfer,random_1001,random_multiscale,64,1001,51065,Learned AMDI,2,172,178,0.04345703125,0.20773750532763427,0.00146484375,-0.21428535689013428,0.004842816705752161,0.004773718354846173,0.004774646698986064,9.283441398909298e-07,1,0,,2,170,0,2,0,2
transfer,random_1001,random_multiscale,64,1001,51065,Learned AMDI,3,178,178,0.04345703125,0.2008523687943367,0.0,-0.20737092348183672,0.004774646698986064,0.004724071723633502,0.004724071723633502,0.0,1,0,,0,178,0,0,0,0
transfer,random_1001,random_multiscale,64,1001,51065,Learned AMDI,4,178,178,0.04345703125,0.19701793401477213,0.0,-0.20353648870227214,0.004724071723633502,0.004704896848702253,0.004704896848702253,0.0,1,0,,0,178,0,0,0,0
transfer,random_1001,random_multiscale,64,1001,51065,Learned AMDI,5,178,178,0.04345703125,0.19482749604660063,0.0,-0.20134605073410064,0.004704896848702253,0.004697688896170117,0.004697688896170117,0.0,1,0,,0,178,0,0,0,0
transfer,random_1001,random_multiscale,64,1001,51065,Learned AMDI,6,178,178,0.04345703125,0.19354906988991613,0.0,-0.20006762457741614,0.004697688896170117,0.004695019282518974,0.004695019282518974,0.0,1,0,,0,178,0,0,0,0
transfer,random_1002,random_multiscale,64,1002,51066,AMDI,1,151,151,0.036865234375,0.16656947687066154,0.0,-0.17209926202691153,0.0049662547434839175,0.004954771888346931,0.004954771888346931,0.0,1,3,retain,,,,0,0,0
transfer,random_1002,random_multiscale,64,1002,51066,AMDI,2,151,151,0.036865234375,0.1598247861203988,0.0,-0.1653545712766488,0.004954771888346931,0.004951672073694158,0.004951672073694158,0.0,1,3,retain,,,,0,0,0
transfer,random_1002,random_multiscale,64,1002,51066,AMDI,3,151,151,0.036865234375,0.15573337892937603,0.0,-0.16126316408562602,0.004951672073694158,0.00495132804606214,0.00495132804606214,0.0,1,3,retain,,,,0,0,0
transfer,random_1002,random_multiscale,64,1002,51066,AMDI,4,151,151,0.036865234375,0.1532524199528743,0.0,-0.1587822051091243,0.00495132804606214,0.004951328046720062,0.004951328046720062,0.0,1,3,retain,,,,0,0,0
transfer,random_1002,random_multiscale,64,1002,51066,AMDI,5,151,151,0.036865234375,0.15174546450979798,0.0,-0.15727524966604797,0.004951328046720062,0.004951328047377992,0.004951328047377992,0.0,1,3,retain,,,,0,0,0
transfer,random_1002,random_multiscale,64,1002,51066,AMDI,6,151,151,0.036865234375,0.15082730194572738,0.0,-0.15635708710197738,0.004951328047377992,0.004951328048035926,0.004951328048035926,0.0,1,3,retain,,,,0,0,0
transfer,random_1002,random_multiscale,64,1002,51066,Learned AMDI,1,151,172,0.0419921875,0.16656947687066154,0.005126953125,-0.17297084405816152,0.0049662547434839175,0.004954771888346931,0.004958538524166529,3.7666358195980257e-06,1,0,,7,144,0,7,0,7
transfer,random_1002,random_multiscale,64,1002,51066,Learned AMDI,2,172,172,0.0419921875,0.15720046620795128,0.0,-0.16349929433295127,0.004958538524166529,0.0048506255622108,0.0048506255622108,0.0,1,0,,0,172,0,0,0,0
transfer,random_1002,random_multiscale,64,1002,51066,Learned AMDI,3,172,172,0.0419921875,0.15205226878028819,0.0,-0.15835109690528817,0.0048506255622108,0.0048102470085482725,0.0048102470085482725,0.0,1,0,,0,172,0,0,0,0
transfer,random_1002,random_multiscale,64,1002,51066,Learned AMDI,4,172,172,0.0419921875,0.1491522017092819,0.0,-0.15545102983428188,0.0048102470085482725,0.004795360431057998,0.004795360431057998,0.0,1,0,,0,172,0,0,0,0
transfer,random_1002,random_multiscale,64,1002,51066,Learned AMDI,5,172,172,0.0419921875,0.14747910081809937,0.0,-0.15377792894309936,0.004795360431057998,0.0047900157364271275,0.0047900157364271275,0.0,1,0,,0,172,0,0,0,0
transfer,random_1002,random_multiscale,64,1002,51066,Learned AMDI,6,172,172,0.0419921875,0.14649509574879357,0.0,-0.15279392387379356,0.0047900157364271275,0.004788190790414947,0.004788190790414947,0.0,1,0,,0,168,4,0,0,0
transfer,random_1003,random_multiscale,64,1003,51067,AMDI,1,133,133,0.032470703125,0.22506226854118616,0.0,-0.22993287400993617,0.004531399673382599,0.004519753555692087,0.004519753555692087,0.0,1,3,retain,,,,0,0,0
transfer,random_1003,random_multiscale,64,1003,51067,AMDI,2,133,133,0.032470703125,0.2161393151553202,0.0,-0.2210099206240702,0.004519753555692087,0.004515859287455338,0.004515859287455338,0.0,1,3,retain,,,,0,0,0
transfer,random_1003,random_multiscale,64,1003,51067,AMDI,3,133,133,0.032470703125,0.21071283249534364,0.0,-0.21558343796409365,0.004515859287455338,0.004514706442284772,0.004514706442284772,0.0,1,3,retain,,,,0,0,0
transfer,random_1003,random_multiscale,64,1003,51067,AMDI,4,133,133,0.032470703125,0.20740419664256043,0.0,-0.21227480211131045,0.004514706442284772,0.004514478813918549,0.004514478813918549,0.0,1,3,retain,,,,0,0,0
transfer,random_1003,random_multiscale,64,1003,51067,AMDI,5,133,133,0.032470703125,0.20538766541996645,0.0,-0.21025827088871646,0.004514478813918549,0.00451447717137274,0.00451447717137274,0.0,1,3,retain,,,,0,0,0
transfer,random_1003,random_multiscale,64,1003,51067,AMDI,6,133,133,0.032470703125,0.20415767353321387,0.0,-0.20902827900196388,0.00451447717137274,0.004514477172012315,0.004514477172012315,0.0,1,3,retain,,,,0,0,0
transfer,random_1003,random_multiscale,64,1003,51067,Learned AMDI,1,133,145,0.035400390625,0.22506226854118616,0.0029296875,-0.23043092088493616,0.004531399673382599,0.004519753555692087,0.004522683521974868,2.929966282781693e-06,1,0,,4,129,0,4,0,4
transfer,random_1003,random_multiscale,64,1003,51067,Learned AMDI,2,145,145,0.035400390625,0.21359668383284253,0.0,-0.21890674242659253,0.004522683521974868,0.0044463125896481576,0.0044463125896481576,0.0,1,0,,0,145,0,0,0,0
transfer,random_1003,random_multiscale,64,1003,51067,Learned AMDI,3,145,145,0.035400390625,0.2071352661000672,0.0,-0.2124453246938172,0.0044463125896481576,0.0044173963723098545,0.0044173963723098545,0.0,1,0,,0,145,0,0,0,0
transfer,random_1003,random_multiscale,64,1003,51067,Learned AMDI,4,145,145,0.035400390625,0.20341905440254182,0.0,-0.20872911299629182,0.0044173963723098545,0.004406531542956633,0.004406531542956633,0.0,1,0,,0,145,0,0,0,0
transfer,random_1003,random_multiscale,64,1003,51067,Learned AMDI,5,145,145,0.035400390625,0.201241555015452,0.0,-0.206551613609202,0.004406531542956633,0.004402500696348559,0.004402500696348559,0.0,1,0,,0,145,0,0,0,0
transfer,random_1003,random_multiscale,64,1003,51067,Learned AMDI,6,145,145,0.035400390625,0.1999469137406347,0.0,-0.2052569723343847,0.004402500696348559,0.004401037979248399,0.004401037979248399,0.0,1,0,,0,144,1,0,0,0
transfer,random_1000,random_multiscale,128,1000,51128,AMDI,1,160,160,0.009765625,0.158112511830665,0.0,-0.159577355580665,0.004931046875601866,0.004917520174167339,0.004917520174167339,0.0,1,3,retain,,,,0,0,0
transfer,random_1000,random_multiscale,128,1000,51128,AMDI,2,160,160,0.009765625,0.14669792045738944,0.0,-0.14816276420738944,0.004917520174167339,0.004913567332336334,0.004913567332336334,0.0,1,3,retain,,,,0,0,0
transfer,random_1000,random_multiscale,128,1000,51128,AMDI,3,160,160,0.009765625,0.1399559310230799,0.0,-0.1414207747730799,0.004913567332336334,0.00491282989733867,0.00491282989733867,0.0,1,3,retain,,,,0,0,0
transfer,random_1000,random_multiscale,128,1000,51128,AMDI,4,160,160,0.009765625,0.1359328205284091,0.0,-0.1373976642784091,0.00491282989733867,0.004912828581715772,0.004912828581715772,0.0,1,3,retain,,,,0,0,0
transfer,random_1000,random_multiscale,128,1000,51128,AMDI,5,160,160,0.009765625,0.1335137923823517,0.0,-0.1349786361323517,0.004912828581715772,0.004912828582353465,0.004912828582353465,0.0,1,3,retain,,,,0,0,0
transfer,random_1000,random_multiscale,128,1000,51128,AMDI,6,160,160,0.009765625,0.13204878153208302,0.0,-0.13351362528208302,0.004912828582353465,0.004912828582991582,0.004912828582991582,0.0,1,3,retain,,,,0,0,0
transfer,random_1000,random_multiscale,128,1000,51128,Learned AMDI,1,160,172,0.010498046875,0.158112511830665,0.000732421875,-0.159701867299415,0.004931046875601866,0.004917520174167339,0.004919608084815844,2.0879106485049634e-06,1,0,,4,156,0,4,0,4
transfer,random_1000,random_multiscale,128,1000,51128,Learned AMDI,2,172,172,0.010498046875,0.14461120525486013,0.0,-0.14618591228611014,0.004919608084815844,0.00484084179725973,0.00484084179725973,0.0,1,0,,0,172,0,0,0,0
transfer,random_1000,random_multiscale,128,1000,51128,Learned AMDI,3,172,172,0.010498046875,0.13694649336072828,0.0,-0.1385212003919783,0.00484084179725973,0.004811260369329712,0.004811260369329712,0.0,1,0,,0,172,0,0,0,0
transfer,random_1000,random_multiscale,128,1000,51128,Learned AMDI,4,172,172,0.010498046875,0.1325182975899427,0.0,-0.13409300462119272,0.004811260369329712,0.004800347860152344,0.004800347860152344,0.0,1,0,,0,172,0,0,0,0
transfer,random_1000,random_multiscale,128,1000,51128,Learned AMDI,5,172,172,0.010498046875,0.1299165736511932,0.0,-0.1314912806824432,0.004800347860152344,0.004796450538200014,0.004796450538200014,0.0,1,0,,0,172,0,0,0,0
transfer,random_1000,random_multiscale,128,1000,51128,Learned AMDI,6,172,172,0.010498046875,0.1283669287637987,0.0,-0.12994163579504872,0.004796450538200014,0.004795142988634402,0.004795142988634402,0.0,1,0,,0,172,0,0,0,0
transfer,random_1001,random_multiscale,128,1001,51129,AMDI,1,151,151,0.00921630859375,0.20993518512555542,0.0,-0.21131763141461793,0.004811565035129968,0.004798724069583616,0.004798724069583616,0.0,1,3,retain,,,,0,0,0
transfer,random_1001,random_multiscale,128,1001,51129,AMDI,2,151,151,0.00921630859375,0.19499752415693142,0.0,-0.19637997044599392,0.004798724069583616,0.004794459758432104,0.004794459758432104,0.0,1,3,retain,,,,0,0,0
transfer,random_1001,random_multiscale,128,1001,51129,AMDI,3,151,151,0.00921630859375,0.1861221633708671,0.0,-0.1875046096599296,0.004794459758432104,0.004793221919122587,0.004793221919122587,0.0,1,3,retain,,,,0,0,0
transfer,random_1001,random_multiscale,128,1001,51129,AMDI,4,151,151,0.00921630859375,0.1807946068425805,0.0,-0.182177053131643,0.004793221919122587,0.004792998510352298,0.004792998510352298,0.0,1,3,retain,,,,0,0,0
transfer,random_1001,random_multiscale,128,1001,51129,AMDI,5,151,151,0.00921630859375,0.1775783208040766,0.0,-0.1789607670931391,0.004792998510352298,0.004792998272866978,0.004792998272866978,0.0,1,3,retain,,,,0,0,0
transfer,random_1001,random_multiscale,128,1001,51129,AMDI,6,151,151,0.00921630859375,0.17562704857018244,0.0,-0.17700949485924494,0.004792998272866978,0.004792998273475127,0.004792998273475127,0.0,1,3,retain,,,,0,0,0
transfer,random_1001,random_multiscale,128,1001,51129,Learned AMDI,1,151,154,0.0093994140625,0.20993518512555542,0.00018310546875,-0.21134875934430541,0.004811565035129968,0.004798724069583616,0.004799175445790973,4.513762073572042e-07,1,0,,1,150,0,1,0,1
transfer,random_1001,random_multiscale,128,1001,51129,Learned AMDI,2,154,154,0.0093994140625,0.19457645351831224,0.0,-0.19598636562768723,0.004799175445790973,0.004783432691394928,0.004783432691394928,0.0,1,0,,0,154,0,0,0,0
transfer,random_1001,random_multiscale,128,1001,51129,Learned AMDI,3,154,154,0.0093994140625,0.1855180645727406,0.0,-0.18692797668211558,0.004783432691394928,0.004777798156268865,0.004777798156268865,0.0,1,0,,0,154,0,0,0,0
transfer,random_1001,random_multiscale,128,1001,51129,Learned AMDI,4,154,154,0.0093994140625,0.18011336394358868,0.0,-0.18152327605296367,0.004777798156268865,0.004775890407353376,0.004775890407353376,0.0,1,0,,0,154,0,0,0,0
transfer,random_1001,random_multiscale,128,1001,51129,Learned AMDI,5,154,154,0.0093994140625,0.17685925667988522,0.0,-0.17826916878926022,0.004775890407353376,0.004775315524557534,0.004775315524557534,0.0,1,0,,0,154,0,0,0,0
transfer,random_1001,random_multiscale,128,1001,51129,Learned AMDI,6,154,154,0.0093994140625,0.17488731432731056,0.0,-0.17629722643668555,0.004775315524557534,0.0047751929426637085,0.0047751929426637085,0.0,1,0,,0,154,0,0,0,0
transfer,random_1002,random_multiscale,128,1002,51130,AMDI,1,145,145,0.00885009765625,0.16227295421960233,0.0,-0.16360046886803983,0.005096728780622574,0.00508541321380206,0.00508541321380206,0.0,1,3,retain,,,,0,0,0
transfer,random_1002,random_multiscale,128,1002,51130,AMDI,2,145,145,0.00885009765625,0.15088454995697037,0.0,-0.15221206460540787,0.00508541321380206,0.005082382251102886,0.005082382251102886,0.0,1,3,retain,,,,0,0,0
transfer,random_1002,random_multiscale,128,1002,51130,AMDI,3,145,145,0.00885009765625,0.14415622243522194,0.0,-0.14548373708365944,0.005082382251102886,0.005082066299247407,0.005082066299247407,0.0,1,3,retain,,,,0,0,0
transfer,random_1002,random_multiscale,128,1002,51130,AMDI,4,145,145,0.00885009765625,0.14014137864448878,0.0,-0.14146889329292628,0.005082066299247407,0.005082066299962775,0.005082066299962775,0.0,1,3,retain,,,,0,0,0
transfer,random_1002,random_multiscale,128,1002,51130,AMDI,5,145,145,0.00885009765625,0.13772612898883385,0.0,-0.13905364363727135,0.005082066299962775,0.005082066300678149,0.005082066300678149,0.0,1,3,retain,,,,0,0,0
transfer,random_1002,random_multiscale,128,1002,51130,AMDI,6,145,145,0.00885009765625,0.13626327189231585,0.0,-0.13759078654075335,0.005082066300678149,0.005082066301393527,0.005082066301393527,0.0,1,3,retain,,,,0,0,0
transfer,random_1002,random_multiscale,128,1002,51130,Learned AMDI,1,145,157,0.00958251953125,0.16227295421960233,0.000732421875,-0.16372498058678983,0.005096728780622574,0.00508541321380206,0.005087775709338554,2.3624955364943273e-06,1,0,,4,141,0,4,0,4
transfer,random_1002,random_multiscale,128,1002,51130,Learned AMDI,2,157,157,0.00958251953125,0.14856671342836192,0.0,-0.15000409135804943,0.005087775709338554,0.004998336960626875,0.004998336960626875,0.0,1,0,,0,157,0,0,0,0
transfer,random_1002,random_multiscale,128,1002,51130,Learned AMDI,3,157,157,0.00958251953125,0.1408232040451377,0.0,-0.14226058197482522,0.004998336960626875,0.004964877540325269,0.004964877540325269,0.0,1,0,,0,157,0,0,0,0
transfer,random_1002,random_multiscale,128,1002,51130,Learned AMDI,4,157,157,0.00958251953125,0.1363673004936535,0.0,-0.13780467842334101,0.004964877540325269,0.004952582362666477,0.004952582362666477,0.0,1,0,,0,157,0,0,0,0
transfer,random_1002,random_multiscale,128,1002,51130,Learned AMDI,5,157,157,0.00958251953125,0.1337568728499258,0.0,-0.1351942507796133,0.004952582362666477,0.004948207681774545,0.004948207681774545,0.0,1,0,,0,157,0,0,0,0
transfer,random_1002,random_multiscale,128,1002,51130,Learned AMDI,6,157,157,0.00958251953125,0.13220528394752906,0.0,-0.13364266187721657,0.004948207681774545,0.004946745771274081,0.004946745771274081,0.0,1,0,,0,157,0,0,0,0
transfer,random_1003,random_multiscale,128,1003,51131,AMDI,1,118,118,0.0072021484375,0.21962708127575203,0.0,-0.22070740354137702,0.004691823508178514,0.004680914888677103,0.004680914888677103,0.0,1,3,retain,,,,0,0,0
transfer,random_1003,random_multiscale,128,1003,51131,AMDI,2,118,118,0.0072021484375,0.20433090139519533,0.0,-0.20541122366082032,0.004680914888677103,0.004677271124367889,0.004677271124367889,0.0,1,3,retain,,,,0,0,0
transfer,random_1003,random_multiscale,128,1003,51131,AMDI,3,118,118,0.0072021484375,0.19525580856628827,0.0,-0.19633613083191326,0.004677271124367889,0.004676209329337455,0.004676209329337455,0.0,1,3,retain,,,,0,0,0
transfer,random_1003,random_multiscale,128,1003,51131,AMDI,4,118,118,0.0072021484375,0.18981435705110916,0.0,-0.19089467931673415,0.004676209329337455,0.004676011517885486,0.004676011517885486,0.0,1,3,retain,,,,0,0,0
transfer,random_1003,random_multiscale,128,1003,51131,AMDI,5,118,118,0.0072021484375,0.18653129437940053,0.0,-0.18761161664502551,0.004676011517885486,0.004676011180701926,0.004676011180701926,0.0,1,3,retain,,,,0,0,0
transfer,random_1003,random_multiscale,128,1003,51131,AMDI,6,118,118,0.0072021484375,0.18453993685575434,0.0,-0.18562025912137933,0.004676011180701926,0.004676011181386989,0.004676011181386989,0.0,1,3,retain,,,,0,0,0
transfer,random_1003,random_multiscale,128,1003,51131,Learned AMDI,1,118,127,0.00775146484375,0.21962708127575203,0.00054931640625,-0.22080078733043954,0.004691823508178514,0.004680914888677103,0.004682641051073324,1.7261623962211078e-06,1,0,,3,115,0,3,0,3
transfer,random_1003,random_multiscale,128,1003,51131,Learned AMDI,2,127,127,0.00775146484375,0.20162019836366446,0.0,-0.20278291809022697,0.004682641051073324,0.004606712260329373,0.004606712260329373,0.0,1,0,,0,127,0,0,0,0
transfer,random_1003,random_multiscale,128,1003,51131,Learned AMDI,3,127,127,0.00775146484375,0.19134980386503003,0.0,-0.19251252359159254,0.004606712260329373,0.004577883468501827,0.004577883468501827,0.0,1,0,,0,127,0,0,0,0
transfer,random_1003,random_multiscale,128,1003,51131,Learned AMDI,4,127,127,0.00775146484375,0.1853977465391075,0.0,-0.18656046626567002,0.004577883468501827,0.004567016958499463,0.004567016958499463,0.0,1,0,,0,127,0,0,0,0
transfer,random_1003,random_multiscale,128,1003,51131,Learned AMDI,5,127,127,0.00775146484375,0.1818928249962225,0.0,-0.183055544722785,0.004567016958499463,0.004562971925443857,0.004562971925443857,0.0,1,0,,0,127,0,0,0,0
transfer,random_1003,random_multiscale,128,1003,51131,Learned AMDI,6,127,127,0.00775146484375,0.17980212148288544,0.0,-0.18096484120944795,0.004562971925443857,0.004561498553507458,0.004561498553507458,0.0,1,0,,0,127,0,0,0,0
