dataset,n,reference_error,C_rel,RMSE,SSIM,switching_mean,return,active_dofs,total_executed_refine,total_executed_coarsen_groups,n_cases,method,adaptation_energy_increases
holdout,32,0.17496419044413442,0.13736979166666666,0.053906892055460474,0.8085125486085363,0.00021701388888888888,-1.194408593408931,140.66666666666666,0,4,9,AMDI,0
holdout,32,0.13656908890512015,0.2666015625,0.05306480249629621,0.7989935641859283,0.021321614583333332,-1.1455174209910075,273.0,393,0,9,Learned AMDI,15
holdout,32,0.13741794847368277,0.2633463541666667,0.05278928396486373,0.8013486558024852,0.020779079861111112,-1.1459166709995332,269.6666666666667,383,0,9,Learned: decision 1 only,9
transfer,32,0.17300722714464323,0.136474609375,0.05377698865651086,0.8062263145860651,0.0,-1.1813734706745216,139.75,0,0,4,AMDI,0
transfer,32,0.1381385030332407,0.249267578125,0.05465591996204336,0.805119791875503,0.018798828125,-1.1326153537630825,255.25,154,0,4,Learned AMDI,8
transfer,64,0.17533910368233185,0.0364990234375,0.04673412212051803,0.7239918413038062,0.0,-1.1227694331059543,149.5,0,0,4,AMDI,0
transfer,64,0.17104301432452054,0.0408935546875,0.04404355648833035,0.7374037112658428,0.000732421875,-1.1082491480158234,167.5,24,0,4,Learned AMDI,5
transfer,128,0.1571197597125839,0.008758544921875,0.04529111470386972,0.679588863075824,0.0,-1.0135978135009636,143.5,0,0,4,AMDI,0
transfer,128,0.15381541213038094,0.009307861328125,0.043178453853080404,0.6902895910903614,9.1552734375e-05,-0.9998990000548009,152.5,12,0,4,Learned AMDI,4
