dataset,case_id,kind,n,image_seed,noise_seed,method,parameter,RMSE,PSNR,SSIM,C_rel,active_dofs,reference_error,switching_mean,return,total_executed_refine,total_executed_coarsen_groups,n_adaptation_energy_increases
pareto,random_1000,random_multiscale,32,1000,41000,Top-K observed detail,0,0.05192251230671201,25.69288604120109,0.8569141103573858,0.15625,160,0.14456459857085466,0.0,-1.0241401968405117,0,0,0
pareto,random_1001,random_multiscale,32,1001,41001,Top-K observed detail,0,0.05108255795132104,25.83454727267947,0.7828125633123627,0.150390625,154,0.19881465133229373,0.0,-1.3521404574761968,0,0,0
pareto,random_1002,random_multiscale,32,1002,41002,Top-K observed detail,0,0.0556185904937803,25.095600427570915,0.8134528703045308,0.1328125,136,0.1496957248514807,0.0,-1.0339785142147724,0,0,0
pareto,random_1003,random_multiscale,32,1003,41003,Top-K observed detail,0,0.05152061682720193,25.760378921099022,0.8050976094364523,0.1181640625,121,0.20707565797185307,0.0,-1.3747870116807894,0,0,0
pareto,random_1000,random_multiscale,32,1000,41000,Top-K observed detail,4,0.05228445107084297,25.632548944698957,0.8540601058548607,0.16796875,172,0.14045256479818852,0.001953125,-1.0167737825950085,4,0,1
pareto,random_1001,random_multiscale,32,1001,41001,Top-K observed detail,4,0.05207801943707742,25.66691081287722,0.7875607807484478,0.162109375,166,0.19161362595481893,0.001953125,-1.331134469126922,4,0,1
pareto,random_1002,random_multiscale,32,1002,41002,Top-K observed detail,4,0.05597022199176775,25.040859411406743,0.8112922378293983,0.14453125,148,0.1451879692426544,0.001953125,-1.0248394755326355,4,0,1
pareto,random_1003,random_multiscale,32,1003,41003,Top-K observed detail,4,0.04969870515889034,26.073098522989046,0.813120751729499,0.1298828125,133,0.1996230082361181,0.001953125,-1.35265962166576,4,0,1
pareto,random_1000,random_multiscale,32,1000,41000,Top-K observed detail,8,0.05208052747323019,25.666492517386704,0.8554673150677723,0.1796875,184,0.13688781405311765,0.00390625,-1.0118177501579062,8,0,1
pareto,random_1001,random_multiscale,32,1001,41001,Top-K observed detail,8,0.051658849651279065,25.737105380081058,0.7917810965655439,0.173828125,178,0.18609236837993956,0.00390625,-1.317601279424113,8,0,1
pareto,random_1002,random_multiscale,32,1002,41002,Top-K observed detail,8,0.05472406183329358,25.23643350122754,0.8158713559264396,0.15625,160,0.14120165631448106,0.00390625,-1.0180666348175091,8,0,1
pareto,random_1003,random_multiscale,32,1003,41003,Top-K observed detail,8,0.0487138408178029,26.246952547050352,0.8168169657398023,0.1416015625,145,0.19359259432710357,0.00390625,-1.336888370483933,8,0,1
pareto,random_1000,random_multiscale,32,1000,41000,Top-K observed detail,12,0.05233085194821454,25.62484389744952,0.8566198661174059,0.19140625,196,0.13369177945266653,0.005859375,-1.0085104565607552,12,0,1
pareto,random_1001,random_multiscale,32,1001,41001,Top-K observed detail,12,0.052644007748524034,25.573021112496743,0.7944759396087283,0.185546875,190,0.18138322316455321,0.005859375,-1.307588015632385,12,0,1
pareto,random_1002,random_multiscale,32,1002,41002,Top-K observed detail,12,0.053316926268927256,25.46269791394142,0.8218590497807211,0.16796875,172,0.1377708348110207,0.005859375,-1.013790600181211,12,0,1
pareto,random_1003,random_multiscale,32,1003,41003,Top-K observed detail,12,0.04941113654029078,26.123503129659564,0.8107691913882638,0.1533203125,157,0.18884049355040566,0.005859375,-1.3267088861674587,12,0,1
pareto,random_1000,random_multiscale,32,1000,41000,Top-K observed detail,16,0.05311096194001621,25.49631665229597,0.8535462312088199,0.203125,208,0.13075306303303,0.0078125,-1.0063845249237386,16,0,1
pareto,random_1001,random_multiscale,32,1001,41001,Top-K observed detail,16,0.05157298334559873,25.751554904130344,0.8026678151428172,0.197265625,202,0.17686783470872514,0.0078125,-1.2986063562419967,16,0,1
pareto,random_1002,random_multiscale,32,1002,41002,Top-K observed detail,16,0.05346407851004311,25.43875828276677,0.8215344221614934,0.1796875,184,0.13471897087058335,0.0078125,-1.0112005935974198,16,0,1
pareto,random_1003,random_multiscale,32,1003,41003,Top-K observed detail,16,0.04841276618153801,26.300802043502564,0.813928556755706,0.1650390625,169,0.1844235880265789,0.0078125,-1.31814871458138,16,0,1
pareto,random_1000,random_multiscale,32,1000,41000,Top-K observed detail,20,0.05223682847897701,25.640463976118998,0.8592620415849388,0.21484375,220,0.12797060145405414,0.009765625,-1.004956414802474,20,0,1
pareto,random_1001,random_multiscale,32,1001,41001,Top-K observed detail,20,0.05183075150700247,25.7082498834146,0.7968896670526272,0.208984375,214,0.17254088071095647,0.009765625,-1.2904839885013046,20,0,1
pareto,random_1002,random_multiscale,32,1002,41002,Top-K observed detail,20,0.05266843587625767,25.56899157870071,0.8286173017892864,0.19140625,196,0.13190800970975244,0.009765625,-1.0096607968628573,20,0,1
pareto,random_1003,random_multiscale,32,1003,41003,Top-K observed detail,20,0.048999285542022285,26.19620504735601,0.801582951680978,0.1767578125,181,0.18037488985267527,0.009765625,-1.3111986118881993,20,0,1
pareto,random_1000,random_multiscale,32,1000,41000,Top-K observed detail,28,0.05347027463763017,25.437751704826557,0.8536759143679405,0.23828125,244,0.12280501109712919,0.013671875,-1.0039393514757464,28,0,1
pareto,random_1001,random_multiscale,32,1001,41001,Top-K observed detail,28,0.051510524770393855,25.762080513269645,0.7898164519585418,0.232421875,238,0.16438561681504574,0.013671875,-1.2764841806555456,28,0,1
pareto,random_1002,random_multiscale,32,1002,41002,Top-K observed detail,28,0.05181355872650591,25.711131558153863,0.8363772852979642,0.21484375,220,0.12683356265500212,0.013671875,-1.0090256492892986,28,0,1
pareto,random_1003,random_multiscale,32,1003,41003,Top-K observed detail,28,0.04913371039934317,26.17240876569962,0.7961824101859428,0.2001953125,205,0.17402126307047194,0.013671875,-1.3050795437819058,28,0,1
pareto,random_1000,random_multiscale,32,1000,41000,Top-K observed detail,32,0.05313117152698388,25.493012158336352,0.857338826220489,0.25,256,0.12031381187877321,0.015625,-1.003880645287564,32,0,1
pareto,random_1001,random_multiscale,32,1001,41001,Top-K observed detail,32,0.0518503063529111,25.70497346554287,0.7824911983578856,0.244140625,250,0.16049596926250834,0.015625,-1.2704125902614347,32,0,1
pareto,random_1002,random_multiscale,32,1002,41002,Top-K observed detail,32,0.05240607057828003,25.612368051949414,0.8317575238540055,0.2265625,232,0.12447816145697468,0.015625,-1.0095358407934074,32,0,1
pareto,random_1003,random_multiscale,32,1003,41003,Top-K observed detail,32,0.04979291886404403,26.056648292168152,0.7892445372234458,0.2119140625,217,0.1712822291641677,0.015625,-1.3038920847312545,32,0,1
pareto,random_1000,random_multiscale,32,1000,41000,Top-K observed detail,36,0.05389624179094091,25.36883034612082,0.8552122629326505,0.26171875,268,0.11797806909641285,0.017578125,-1.0045307719358676,36,0,1
pareto,random_1001,random_multiscale,32,1001,41001,Top-K observed detail,36,0.051627155416708204,25.742436066113594,0.7856899420330286,0.255859375,262,0.15696557450845094,0.017578125,-1.2659591082308508,36,0,1
pareto,random_1002,random_multiscale,32,1002,41002,Top-K observed detail,36,0.05257649175163811,25.584167924781905,0.8310715356181637,0.23828125,244,0.12224060869401143,0.017578125,-1.0105884997576493,36,0,1
pareto,random_1003,random_multiscale,32,1003,41003,Top-K observed detail,36,0.049887284975074726,26.04020262212975,0.7869806499301178,0.2236328125,229,0.16866238301585965,0.017578125,-1.3032932760016183,36,0,1
pareto,random_1000,random_multiscale,32,1000,41000,Top-K observed detail,40,0.054436751057606314,25.282156052863762,0.8525162350964851,0.2734375,280,0.11570435837650525,0.01953125,-1.0054608726689815,40,0,1
pareto,random_1001,random_multiscale,32,1001,41001,Top-K observed detail,40,0.05208237352753308,25.666184641477177,0.7809974498629692,0.267578125,274,0.1538886660159504,0.01953125,-1.2634353535777754,40,0,1
pareto,random_1002,random_multiscale,32,1002,41002,Top-K observed detail,40,0.052321254070756454,25.626437101977658,0.8333581880855687,0.25,256,0.12004903429288458,0.01953125,-1.0118607261543016,40,0,1
pareto,random_1003,random_multiscale,32,1003,41003,Top-K observed detail,40,0.049923042677972894,26.033979068281667,0.7851068543345089,0.2353515625,241,0.16611640914962325,0.01953125,-1.3030324589808018,40,0,1
pareto,random_1000,random_multiscale,32,1000,41000,Top-K observed detail,44,0.05436159050117292,25.294156904950576,0.8532744362779165,0.28515625,292,0.1134519292211553,0.021484375,-1.006518409027933,44,0,1
pareto,random_1001,random_multiscale,32,1001,41001,Top-K observed detail,44,0.05209023742417884,25.664873261491667,0.781016846080717,0.279296875,286,0.1509622646232948,0.021484375,-1.2616398112663332,44,0,1
pareto,random_1002,random_multiscale,32,1002,41002,Top-K observed detail,44,0.052214792344037336,25.644128896537982,0.8346094217226727,0.26171875,268,0.1178967560680072,0.021484375,-1.0133404733519857,44,0,1
pareto,random_1003,random_multiscale,32,1003,41003,Top-K observed detail,44,0.050874913442025334,25.869926333391568,0.7786345152010316,0.2470703125,253,0.1637017662224592,0.021484375,-1.303340792768173,44,0,1
pareto,random_1000,random_multiscale,32,1000,41000,Top-K observed detail,48,0.05467698501070064,25.243908824774948,0.8525092589430161,0.296875,304,0.11129207081936197,0.0234375,-1.0079998190034198,48,0,1
pareto,random_1001,random_multiscale,32,1001,41001,Top-K observed detail,48,0.05219968391443044,25.646642535600076,0.7793642683375378,0.291015625,298,0.14821221539513263,0.0234375,-1.2606273718950014,48,0,1
pareto,random_1002,random_multiscale,32,1002,41002,Top-K observed detail,48,0.05212199470440365,25.65957944455402,0.8350920486126537,0.2734375,280,0.11576783859803835,0.0234375,-1.014962998435992,48,0,1
pareto,random_1003,random_multiscale,32,1003,41003,Top-K observed detail,48,0.05066662074453131,25.905561208026356,0.7775415220465467,0.2587890625,265,0.16138948652475574,0.0234375,-1.304156285378569,48,0,1
pareto,random_1000,random_multiscale,32,1000,41000,Top-K observed detail,56,0.055098360343866955,25.177226499990137,0.8522672032175146,0.3203125,328,0.10719186516821261,0.02734375,-1.0119578453846485,56,0,1
pareto,random_1001,random_multiscale,32,1001,41001,Top-K observed detail,56,0.052433579191024184,25.607809914252442,0.7713976957178365,0.314453125,322,0.1430158271629633,0.02734375,-1.25999361238028,56,0,1
pareto,random_1002,random_multiscale,32,1002,41002,Top-K observed detail,56,0.052739931675423235,25.55720874341365,0.8337048438524627,0.296875,304,0.11183708748187021,0.02734375,-1.0196123238633312,56,0,1
pareto,random_1003,random_multiscale,32,1003,41003,Top-K observed detail,56,0.050545551939921766,25.926341134968382,0.7807263615643742,0.2822265625,289,0.15734406968109016,0.02734375,-1.3082769025393752,56,0,1
pareto,random_1000,random_multiscale,32,1000,41000,Top-K observed detail,72,0.05575728834673907,25.073967110211044,0.8512625010283691,0.3671875,376,0.0998288144426391,0.03515625,-1.0237293429678163,72,0,1
pareto,random_1001,random_multiscale,32,1001,41001,Top-K observed detail,72,0.05325297283458472,25.473122856519588,0.7745061379911947,0.361328125,370,0.13376970886661596,0.03515625,-1.263903935657385,72,0,1
pareto,random_1002,random_multiscale,32,1002,41002,Top-K observed detail,72,0.05235435587551598,25.620943584763978,0.8375854902168084,0.34375,352,0.10527483475857652,0.03515625,-1.0346917448110091,72,0,1
pareto,random_1003,random_multiscale,32,1003,41003,Top-K observed detail,72,0.05131215091794245,25.79559560156603,0.7735551739221413,0.3291015625,337,0.15089158907739253,0.03515625,-1.3236899884113587,72,0,1
pareto,random_1000,random_multiscale,32,1000,41000,Top-K observed detail,96,0.05707875926825288,24.870509515915757,0.8460934433577177,0.4375,448,0.09130181558629258,0.046875,-1.052557437001039,96,0,1
pareto,random_1001,random_multiscale,32,1001,41001,Top-K observed detail,96,0.05398668289567274,25.3542671213889,0.7767991484102301,0.431640625,442,0.1223213713240536,0.046875,-1.2806026874816883,96,0,1
pareto,random_1002,random_multiscale,32,1002,41002,Top-K observed detail,96,0.05231242965513056,25.627902173218573,0.8375419657972244,0.4140625,424,0.0978185529036769,0.046875,-1.0678671089279939,96,0,1
pareto,random_1003,random_multiscale,32,1003,41003,Top-K observed detail,96,0.05201574020787916,25.677304338444003,0.7699555265382424,0.3994140625,409,0.14487004010360524,0.046875,-1.3626303799719102,96,0,1
pareto,random_1000,random_multiscale,32,1000,41000,Top-K observed detail,128,0.057821405501114406,24.7582271173821,0.843988680428403,0.53125,544,0.08409337404866771,0.0625,-1.108926435351445,128,0,1
pareto,random_1001,random_multiscale,32,1001,41001,Top-K observed detail,128,0.05451964192069783,25.268940104574025,0.7677564154855322,0.525390625,538,0.11420099714199075,0.0625,-1.3332193448176826,128,0,1
pareto,random_1002,random_multiscale,32,1002,41002,Top-K observed detail,128,0.0527890474255897,25.549123494795207,0.8368727245036827,0.5078125,520,0.0927425276648297,0.0625,-1.1328840234013189,128,0,1
pareto,random_1003,random_multiscale,32,1003,41003,Top-K observed detail,128,0.05179293206489669,25.714590046272473,0.7707396197834938,0.4609375,472,0.1431927073651936,0.05712890625,-1.4121410645778707,117,0,1
pareto,random_1000,random_multiscale,32,1000,41000,Top-K observed detail,160,0.05786690399931654,24.751395053603773,0.8436680519696412,0.625,640,0.0811577763498867,0.078125,-1.183168320035663,160,0,1
pareto,random_1001,random_multiscale,32,1001,41001,Top-K observed detail,160,0.0545626002604799,25.262098818399295,0.7641730061719525,0.58984375,604,0.11283269955460686,0.0732421875,-1.3869259891253916,150,0,1
pareto,random_1002,random_multiscale,32,1002,41002,Top-K observed detail,160,0.05272200364255717,25.560161864194768,0.837401783866421,0.53125,544,0.09263478225502449,0.06640625,-1.1540234552464173,136,0,1
pareto,random_1003,random_multiscale,32,1003,41003,Top-K observed detail,160,0.05179293206489669,25.714590046272473,0.7707396197834937,0.4609375,472,0.14319270736519363,0.05712890625,-1.412141064577871,117,0,1
pareto,random_1000,random_multiscale,32,1000,41000,Top-K observed detail,200,0.05786690399931654,24.751395053603773,0.8436680519696412,0.625,640,0.0811577763498867,0.078125,-1.183168320035663,160,0,1
pareto,random_1001,random_multiscale,32,1001,41001,Top-K observed detail,200,0.0545626002604799,25.262098818399295,0.7641730061719524,0.58984375,604,0.11283269955460686,0.0732421875,-1.3869259891253916,150,0,1
pareto,random_1002,random_multiscale,32,1002,41002,Top-K observed detail,200,0.05272200364255717,25.560161864194768,0.8374017838664215,0.53125,544,0.09263478225502449,0.06640625,-1.1540234552464173,136,0,1
pareto,random_1003,random_multiscale,32,1003,41003,Top-K observed detail,200,0.05179293206489669,25.714590046272473,0.7707396197834937,0.4609375,472,0.14319270736519363,0.05712890625,-1.412141064577871,117,0,1
pareto,random_1000,random_multiscale,32,1000,41000,Observed-detail threshold,-5e-324,0.05786690399931654,24.751395053603773,0.8436680519696412,0.625,640,0.0811577763498867,0.078125,-1.183168320035663,160,0,1
pareto,random_1001,random_multiscale,32,1001,41001,Observed-detail threshold,-5e-324,0.0545626002604799,25.262098818399295,0.7641730061719525,0.58984375,604,0.11283269955460686,0.0732421875,-1.3869259891253916,150,0,1
pareto,random_1002,random_multiscale,32,1002,41002,Observed-detail threshold,-5e-324,0.05272200364255717,25.560161864194768,0.8374017838664218,0.53125,544,0.09263478225502449,0.06640625,-1.1540234552464173,136,0,1
pareto,random_1003,random_multiscale,32,1003,41003,Observed-detail threshold,-5e-324,0.05179293206489669,25.714590046272473,0.7707396197834938,0.4609375,472,0.1431927073651936,0.05712890625,-1.4121410645778707,117,0,1
pareto,random_1000,random_multiscale,32,1000,41000,Observed-detail threshold,0.0005965582485576272,0.05786690399931654,24.751395053603773,0.8436680519696412,0.625,640,0.0811577763498867,0.078125,-1.183168320035663,160,0,1
pareto,random_1001,random_multiscale,32,1001,41001,Observed-detail threshold,0.0005965582485576272,0.0545626002604799,25.262098818399295,0.7641730061719525,0.58984375,604,0.11283269955460686,0.0732421875,-1.3869259891253916,150,0,1
pareto,random_1002,random_multiscale,32,1002,41002,Observed-detail threshold,0.0005965582485576272,0.052726196094200053,25.559471190055373,0.8373837466050539,0.5283203125,541,0.0926333056707091,0.06591796875,-1.1513179476911732,135,0,1
pareto,random_1003,random_multiscale,32,1003,41003,Observed-detail threshold,0.0005965582485576272,0.05179293206489669,25.714590046272473,0.7707396197834937,0.4609375,472,0.14319270736519363,0.05712890625,-1.412141064577871,117,0,1
pareto,random_1000,random_multiscale,32,1000,41000,Observed-detail threshold,0.002504560203212919,0.057911987426810294,24.744630613373175,0.8436414063836677,0.572265625,586,0.08231748155696679,0.0693359375,-1.13937462223546,142,0,1
pareto,random_1001,random_multiscale,32,1001,41001,Observed-detail threshold,0.002504560203212919,0.05452464069838652,25.268143752297377,0.767522324713215,0.5283203125,541,0.11406583886918693,0.06298828125,-1.3353566300209858,129,0,1
pareto,random_1002,random_multiscale,32,1002,41002,Observed-detail threshold,0.002504560203212919,0.0528366878960958,25.541288285015682,0.8375731788505769,0.490234375,502,0.09318604412334637,0.0595703125,-1.1185414523744275,122,0,1
pareto,random_1003,random_multiscale,32,1003,41003,Observed-detail threshold,0.002504560203212919,0.052101690924421774,25.662963634881294,0.7688500747979724,0.4140625,424,0.14422990680477754,0.04931640625,-1.3733829560124453,101,0,1
pareto,random_1000,random_multiscale,32,1000,41000,Observed-detail threshold,0.0031808404300402676,0.057600919147463875,24.791411728241766,0.8446803486794792,0.513671875,526,0.08506054761151764,0.0595703125,-1.0967424255638112,122,0,1
pareto,random_1001,random_multiscale,32,1001,41001,Observed-detail threshold,0.0031808404300402676,0.05440548714809617,25.287145933255868,0.7676486283715652,0.4873046875,499,0.11661951781262621,0.05615234375,-1.3081849048674112,115,0,1
pareto,random_1002,random_multiscale,32,1002,41002,Observed-detail threshold,0.0031808404300402676,0.05285376288764953,25.538481759120536,0.8363934777640355,0.4580078125,469,0.09465646102923446,0.05419921875,-1.0950318094625064,111,0,1
pareto,random_1003,random_multiscale,32,1003,41003,Observed-detail threshold,0.0031808404300402676,0.05202351433095182,25.67600626733677,0.7697954878685939,0.3876953125,397,0.14558381006400245,0.044921875,-1.3548866890906646,92,0,1
pareto,random_1000,random_multiscale,32,1000,41000,Observed-detail threshold,0.0037920420820540166,0.05716124699217979,24.857966109897262,0.8469279201091006,0.4697265625,481,0.08813102110504348,0.05224609375,-1.0690189729200776,107,0,1
pareto,random_1001,random_multiscale,32,1001,41001,Observed-detail threshold,0.0037920420820540166,0.05401310910099529,25.350016463062218,0.7731654617523663,0.4404296875,451,0.12125111616543768,0.04833984375,-1.2842413074966212,99,0,1
pareto,random_1002,random_multiscale,32,1002,41002,Observed-detail threshold,0.0037920420820540166,0.052741995289126896,25.556868887641127,0.8364541735838893,0.431640625,442,0.09642969791881442,0.0498046875,-1.0781917919725583,102,0,1
pareto,random_1003,random_multiscale,32,1003,41003,Observed-detail threshold,0.0037920420820540166,0.05141124088704823,25.77883827321604,0.7731428462999334,0.349609375,358,0.14871088002718333,0.03857421875,-1.3332106153607652,79,0,1
pareto,random_1000,random_multiscale,32,1000,41000,Observed-detail threshold,0.004280311056493669,0.05707875926825288,24.870509515915764,0.8460934433577177,0.4375,448,0.09130181558629258,0.046875,-1.052557437001039,96,0,1
pareto,random_1001,random_multiscale,32,1001,41001,Observed-detail threshold,0.004280311056493669,0.05397373780893208,25.35635009947642,0.7765331674701709,0.42578125,436,0.12311919326762488,0.0458984375,-1.2785448927141203,94,0,1
pareto,random_1002,random_multiscale,32,1002,41002,Observed-detail threshold,0.004280311056493669,0.052213869553212645,25.64428240342233,0.8381457602152473,0.396484375,406,0.09943067634002903,0.0439453125,-1.0584726905428505,90,0,1
pareto,random_1003,random_multiscale,32,1003,41003,Observed-detail threshold,0.004280311056493669,0.05131109741295076,25.79577393597349,0.773802949558678,0.3232421875,331,0.15160937842158476,0.0341796875,-1.3213736780551673,70,0,1
pareto,random_1000,random_multiscale,32,1000,41000,Observed-detail threshold,0.004951976539870539,0.05605210840721125,25.028160934387934,0.8503597145763997,0.3759765625,385,0.09859251187964062,0.03662109375,-1.0265863556900585,75,0,1
pareto,random_1001,random_multiscale,32,1001,41001,Observed-detail threshold,0.004951976539870539,0.053290091027469164,25.467070758366678,0.774500326685601,0.3642578125,373,0.13323351675943368,0.03564453125,-1.264343062510093,73,0,1
pareto,random_1002,random_multiscale,32,1002,41002,Observed-detail threshold,0.004951976539870539,0.05235435587551598,25.620943584763978,0.8375854902168058,0.34375,352,0.10527483475857652,0.03515625,-1.0346917448110091,72,0,1
pareto,random_1003,random_multiscale,32,1003,41003,Observed-detail threshold,0.004951976539870539,0.05066032751951884,25.906640136365414,0.7781583512347551,0.2734375,280,0.15876527971628052,0.02587890625,-1.3063150665347596,53,0,1
pareto,random_1000,random_multiscale,32,1000,41000,Observed-detail threshold,0.005520827469571135,0.055672873257541194,25.08712728656309,0.8510561631272318,0.3349609375,343,0.10471815915978054,0.02978515625,-1.0148741925069815,61,0,1
pareto,random_1001,random_multiscale,32,1001,41001,Observed-detail threshold,0.005520827469571135,0.052433579191024184,25.607809914252442,0.7713976957178365,0.314453125,322,0.1430158271629633,0.02734375,-1.25999361238028,56,0,1
pareto,random_1002,random_multiscale,32,1002,41002,Observed-detail threshold,0.005520827469571135,0.05296665994034736,25.519948253280347,0.8335761541438469,0.30859375,316,0.11005379591572088,0.029296875,-1.0227324158368474,60,0,1
pareto,random_1003,random_multiscale,32,1003,41003,Observed-detail threshold,0.005520827469571135,0.05070149666533749,25.89958440942653,0.7791180572012961,0.25,256,0.16308023739074953,0.02197265625,-1.3033635627465472,45,0,1
pareto,random_1000,random_multiscale,32,1000,41000,Observed-detail threshold,0.006125713758860572,0.05436159050117292,25.294156904950576,0.8532744362779157,0.28515625,292,0.1134519292211553,0.021484375,-1.006518409027933,44,0,1
pareto,random_1001,random_multiscale,32,1001,41001,Observed-detail threshold,0.006125713758860572,0.05209028851319286,25.664864742557185,0.7810101181081845,0.2763671875,283,0.15168948280366853,0.02099609375,-1.2620458879639374,43,0,1
pareto,random_1002,random_multiscale,32,1002,41002,Observed-detail threshold,0.006125713758860572,0.05233544849491349,25.624080994830436,0.8340485619135595,0.2646484375,271,0.11737216401583023,0.02197265625,-1.0137740031630824,45,0,1
pareto,random_1003,random_multiscale,32,1003,41003,Observed-detail threshold,0.006125713758860572,0.04964038547982699,26.08329709338085,0.7907230074785468,0.208984375,214,0.17194894947609127,0.01513671875,-1.3041075631792884,31,0,1
pareto,random_1000,random_multiscale,32,1000,41000,Observed-detail threshold,0.006875338911534438,0.053353960839569836,25.45666668620836,0.8540085118202234,0.232421875,238,0.12402864133411211,0.0126953125,-1.0039007324116715,26,0,1
pareto,random_1001,random_multiscale,32,1001,41001,Observed-detail threshold,0.006875338911534438,0.05140108470191052,25.780554322396554,0.7865366226354696,0.2529296875,259,0.15779108343732584,0.01708984375,-1.266833681221394,35,0,1
pareto,random_1002,random_multiscale,32,1002,41002,Observed-detail threshold,0.006875338911534438,0.05165703879303875,25.737409862093727,0.8370524476267586,0.2119140625,217,0.12744555654040352,0.01318359375,-1.0089946940318975,27,0,1
pareto,random_1003,random_multiscale,32,1003,41003,Observed-detail threshold,0.006875338911534438,0.04890897055224079,26.212229564341627,0.8023530070070801,0.1796875,184,0.17946545028137478,0.01025390625,-1.3099151065420978,21,0,1
pareto,random_1000,random_multiscale,32,1000,41000,Observed-detail threshold,0.00839309581446618,0.05277160817771723,25.551993416034392,0.8535244276693389,0.1767578125,181,0.13775711262246138,0.00341796875,-1.0129378275070235,7,0,1
pareto,random_1001,random_multiscale,32,1001,41001,Observed-detail threshold,0.00839309581446618,0.052191009036636586,25.648086132326654,0.7923246780678606,0.1796875,184,0.18359915329867427,0.0048828125,-1.3119862030666103,10,0,1
pareto,random_1002,random_multiscale,32,1002,41002,Observed-detail threshold,0.00839309581446618,0.05355077191071637,25.424685292478742,0.8202727508838398,0.162109375,166,0.1394100825681345,0.0048828125,-1.015602806421513,10,0,1
pareto,random_1003,random_multiscale,32,1003,41003,Observed-detail threshold,0.00839309581446618,0.04889293939278095,26.215077052354154,0.8166248154931932,0.14453125,148,0.19218503438289986,0.00439453125,-1.3333801647287307,9,0,1
pareto,random_1000,random_multiscale,32,1000,41000,Observed-detail threshold,0.00964260655087798,0.05131108370046338,25.795776257209518,0.859488822461595,0.1591796875,163,0.14333075249024724,0.00048828125,-1.0214654301747121,1,0,1
pareto,random_1001,random_multiscale,32,1001,41001,Observed-detail threshold,0.00964260655087798,0.05223733957198715,25.64037899248019,0.7871822318772711,0.1650390625,169,0.19003439233746774,0.00244140625,-1.3269065437829448,5,0,1
pareto,random_1002,random_multiscale,32,1002,41002,Observed-detail threshold,0.00964260655087798,0.05536640359619891,25.135073715801454,0.8162737017330612,0.138671875,142,0.14718202746522827,0.0009765625,-1.0282921125024282,2,0,1
pareto,random_1003,random_multiscale,32,1003,41003,Observed-detail threshold,0.00964260655087798,0.04969870515889034,26.073098522989046,0.813120751729499,0.1298828125,133,0.1996230082361181,0.001953125,-1.35265962166576,4,0,1
pareto,random_1000,random_multiscale,32,1000,41000,Observed-detail threshold,0.010284214862164506,0.05192251230671201,25.69288604120109,0.8569141103573858,0.15625,160,0.14456459857085466,0.0,-1.0241401968405117,0,0,0
pareto,random_1001,random_multiscale,32,1001,41001,Observed-detail threshold,0.010284214862164506,0.05169249845803006,25.731449530639992,0.7880594267936554,0.15625,160,0.19471922052065913,0.0009765625,-1.3394834067689918,2,0,1
pareto,random_1002,random_multiscale,32,1002,41002,Observed-detail threshold,0.010284214862164506,0.055783148070379054,25.069939607417485,0.8145770722558606,0.1357421875,139,0.1483264691128961,0.00048828125,-1.0306321603567279,1,0,1
pareto,random_1003,random_multiscale,32,1003,41003,Observed-detail threshold,0.010284214862164506,0.049759861168357004,26.062416800227624,0.8134064873994648,0.1240234375,127,0.20284325107529266,0.0009765625,-1.3614715258235033,2,0,1
pareto,random_1000,random_multiscale,32,1000,41000,Observed-detail threshold,0.01119316769645396,0.05192251230671201,25.69288604120109,0.8569141103573858,0.15625,160,0.14456459857085466,0.0,-1.0241401968405117,0,0,0
pareto,random_1001,random_multiscale,32,1001,41001,Observed-detail threshold,0.01119316769645396,0.05169249845803006,25.731449530639992,0.7880594267936549,0.15625,160,0.19471922052065913,0.0009765625,-1.3394834067689918,2,0,1
pareto,random_1002,random_multiscale,32,1002,41002,Observed-detail threshold,0.01119316769645396,0.0556185904937803,25.095600427570915,0.8134528703045308,0.1328125,136,0.1496957248514807,0.0,-1.0339785142147724,0,0,0
pareto,random_1003,random_multiscale,32,1003,41003,Observed-detail threshold,0.01119316769645396,0.050589896334946295,25.918724210289582,0.8104806479527832,0.12109375,124,0.20485526553874714,0.00048828125,-1.3676665404515986,1,0,1
pareto,random_1000,random_multiscale,32,1000,41000,Observed-detail threshold,0.011892604145785279,0.05192251230671201,25.69288604120109,0.8569141103573858,0.15625,160,0.14456459857085466,0.0,-1.0241401968405117,0,0,0
pareto,random_1001,random_multiscale,32,1001,41001,Observed-detail threshold,0.011892604145785279,0.05108255795132104,25.83454727267947,0.7828125633123627,0.150390625,154,0.19881465133229373,0.0,-1.3521404574761968,0,0,0
pareto,random_1002,random_multiscale,32,1002,41002,Observed-detail threshold,0.011892604145785279,0.0556185904937803,25.095600427570915,0.8134528703045308,0.1328125,136,0.1496957248514807,0.0,-1.0339785142147724,0,0,0
pareto,random_1003,random_multiscale,32,1003,41003,Observed-detail threshold,0.011892604145785279,0.05152061682720193,25.760378921099022,0.8050976094364523,0.1181640625,121,0.20707565797185307,0.0,-1.3747870116807894,0,0,0
pareto,random_1000,random_multiscale,32,1000,41000,Observed-detail threshold,0.01189260414578528,0.05192251230671201,25.69288604120109,0.8569141103573858,0.15625,160,0.14456459857085466,0.0,-1.0241401968405117,0,0,0
pareto,random_1001,random_multiscale,32,1001,41001,Observed-detail threshold,0.01189260414578528,0.05108255795132104,25.83454727267947,0.7828125633123627,0.150390625,154,0.19881465133229373,0.0,-1.3521404574761968,0,0,0
pareto,random_1002,random_multiscale,32,1002,41002,Observed-detail threshold,0.01189260414578528,0.0556185904937803,25.095600427570915,0.8134528703045308,0.1328125,136,0.1496957248514807,0.0,-1.0339785142147724,0,0,0
pareto,random_1003,random_multiscale,32,1003,41003,Observed-detail threshold,0.01189260414578528,0.05152061682720193,25.760378921099022,0.8050976094364523,0.1181640625,121,0.20707565797185307,0.0,-1.3747870116807894,0,0,0
