control,mode,parameter,reference_error,C_rel,RMSE,SSIM,switching_mean,return,active_dofs,total_executed_refine,total_executed_coarsen_groups,n_cases
Top-K observed detail,topk,0,0.17503765818162054,0.139404296875,0.05253606939475382,0.8145692883526829,0.0,-1.1962615450530676,142.75,0.0,0.0,4
Top-K observed detail,topk,4,0.169219292057945,0.151123046875,0.05250784941464462,0.8165084690405515,0.001953125,-1.1813518372300815,154.75,4.0,0.0,4
Top-K observed detail,topk,8,0.16444360826866045,0.162841796875,0.051794319943901435,0.8199841833248895,0.00390625,-1.1710935087208654,166.75,8.0,0.0,4
Top-K observed detail,topk,12,0.16042158274466153,0.174560546875,0.051925730626489155,0.8209310117237798,0.005859375,-1.1641494896354523,178.75,12.0,0.0,4
Top-K observed detail,topk,16,0.15669086415972935,0.186279296875,0.05164019749429902,0.8229192563172092,0.0078125,-1.1585850473361337,190.75,16.0,0.0,4
Top-K observed detail,topk,20,0.15319859543185957,0.197998046875,0.05143382535106486,0.8215879905269576,0.009765625,-1.1540749530137089,202.75,20.0,0.0,4
Top-K observed detail,topk,28,0.14701136340941223,0.221435546875,0.05148201713346827,0.8190130154525973,0.013671875,-1.148632181300624,226.75,28.0,0.0,4
Top-K observed detail,topk,32,0.14414254294060597,0.233154296875,0.05179511683055476,0.8152080214139564,0.015625,-1.146930290268415,238.75,32.0,0.0,4
Top-K observed detail,topk,36,0.14146165882868372,0.244873046875,0.05199679348359049,0.8147385976284902,0.017578125,-1.1460929139814966,250.75,36.0,0.0,4
Top-K observed detail,topk,40,0.13893961695874085,0.256591796875,0.052190855333467186,0.812994681844883,0.01953125,-1.1459473528454651,262.75,40.0,0.0,4
Top-K observed detail,topk,44,0.1365031790337291,0.268310546875,0.05238538342785361,0.8118838048205844,0.021484375,-1.1462098716036062,274.75,44.0,0.0,4
Top-K observed detail,topk,48,0.13416540283432218,0.280029296875,0.052416321093516516,0.8111267744849386,0.0234375,-1.1469366186782457,286.75,48.0,0.0,4
Top-K observed detail,topk,56,0.12984721237353408,0.303466796875,0.05270435578755904,0.809524026088047,0.02734375,-1.1499601710419087,310.75,56.0,0.0,4
Top-K observed detail,topk,72,0.12244123678630603,0.350341796875,0.053169191993695554,0.8092273257896283,0.03515625,-1.1615037529618923,358.75,72.0,0.0,4
Top-K observed detail,topk,96,0.11407794497940707,0.420654296875,0.05384840300673383,0.8075975210258536,0.046875,-1.190914403345658,430.75,96.0,0.0,4
Top-K observed detail,topk,128,0.10855740155517044,0.50634765625,0.054230756728074654,0.8048393600502779,0.0611572265625,-1.2467927170370792,518.5,125.25,0.0,4
Top-K observed detail,topk,160,0.10745449138117792,0.5517578125,0.054236109991812574,0.8039956154478771,0.0687255859375,-1.2840647072463358,565.0,140.75,0.0,4
Top-K observed detail,topk,200,0.10745449138117792,0.5517578125,0.054236109991812574,0.8039956154478772,0.0687255859375,-1.2840647072463358,565.0,140.75,0.0,4
Observed-detail threshold,threshold,-5e-324,0.10745449138117791,0.5517578125,0.054236109991812574,0.8039956154478773,0.0687255859375,-1.2840647072463356,565.0,140.75,0.0,4
Observed-detail threshold,threshold,0.0005965582485576272,0.10745412223509906,0.551025390625,0.05423715810472329,0.8039911061325353,0.068603515625,-1.2833883303575246,564.25,140.5,0.0,4
Observed-detail threshold,threshold,0.002504560203212919,0.10844981783856941,0.501220703125,0.054343751736428594,0.804396746186358,0.060302734375,-1.2416639151608297,513.25,123.5,0.0,4
Observed-detail threshold,threshold,0.0031808404300402676,0.1104800841293452,0.461669921875,0.05422092087854035,0.8046294856709184,0.0537109375,-1.2137114572460983,472.75,110.0,0.0,4
Observed-detail threshold,threshold,0.0037920420820540166,0.11363067880411973,0.4228515625,0.053831898067337555,0.8074226004363223,0.0472412109375,-1.1911656719375057,433.0,96.75,0.0,4
Observed-detail threshold,threshold,0.004280311056493669,0.1163652659038828,0.395751953125,0.05364436601083709,0.8086438301504535,0.042724609375,-1.1777371745782943,405.25,87.5,0.0,4
Observed-detail threshold,threshold,0.004951976539870539,0.12396653577848284,0.33935546875,0.05308922070742881,0.8101509706783904,0.0333251953125,-1.1579840573864801,347.5,68.25,0.0,4
Observed-detail threshold,threshold,0.005520827469571135,0.13021700490730356,0.302001953125,0.052943652263562554,0.8087870175475528,0.027099609375,-1.150240945867664,309.25,55.5,0.0,4
Observed-detail threshold,threshold,0.006125713758860572,0.13861563137918634,0.2587890625,0.052106928247276564,0.8147640309445516,0.0198974609375,-1.1466114658335604,265.0,40.75,0.0,4
Observed-detail threshold,threshold,0.006875338911534438,0.14718268289830405,0.21923828125,0.05133026372168997,0.819987647272383,0.0133056640625,-1.1474110535517652,224.5,27.25,0.0,4
Observed-detail threshold,threshold,0.00839309581446618,0.1632378457180425,0.165771484375,0.05185158212946278,0.820686668028558,0.00439453125,-1.1684767504309694,169.75,9.0,0.0,4
Observed-detail threshold,threshold,0.00964260655087798,0.17004254513226533,0.148193359375,0.05215338300688495,0.8190163769503566,0.00146484375,-1.1823309270314613,151.75,3.0,0.0,4
Observed-detail threshold,threshold,0.010284214862164506,0.17261338481992564,0.14306640625,0.052289505000869534,0.8182392742015917,0.0006103515625,-1.1889318224474335,146.5,1.25,0.0,4
Observed-detail threshold,threshold,0.01119316769645396,0.1734587023704354,0.1416015625,0.052455874398367165,0.8172267638520887,0.0003662109375,-1.1913171645689686,145.0,0.75,0.0,4
Observed-detail threshold,threshold,0.011892604145785279,0.17503765818162054,0.139404296875,0.05253606939475382,0.8145692883526829,0.0,-1.1962615450530676,142.75,0.0,0.0,4
Observed-detail threshold,threshold,0.01189260414578528,0.17503765818162054,0.139404296875,0.05253606939475382,0.8145692883526829,0.0,-1.1962615450530676,142.75,0.0,0.0,4
