dataset,n,case_id,method,delta_E_ref_control_minus_learned,delta_C_rel_control_minus_learned,delta_RMSE_control_minus_learned,delta_SSIM_control_minus_learned
transfer,32,random_1000,AMDI,0.027443324426685983,-0.10546875,-0.003479622202052189,0.008555382423260482
transfer,32,random_1000,Retain initial tree,0.027443324426685983,-0.10546875,-0.003479622202052189,0.008555382423260482
transfer,32,random_1000,Top-K: matched validation occupancy,4.538181291023624e-05,0.0,-0.0015226966201695863,0.01215467530590042
transfer,32,random_1000,Threshold: matched validation occupancy,-0.0015258140225505312,0.0087890625,-0.001148940568066581,0.010615510892672542
transfer,32,random_1001,AMDI,0.03766281042634728,-0.1201171875,-0.0007517145871297898,0.002382408799010416
transfer,32,random_1001,Retain initial tree,0.03766281042634728,-0.1201171875,-0.0007517145871297898,0.002382408799010416
transfer,32,random_1001,Top-K: matched validation occupancy,0.003575187093347476,-0.0146484375,-4.4158283642341256e-05,0.00685553996110333
transfer,32,random_1001,Threshold: matched validation occupancy,0.004284499727785274,-0.017578125,1.5213357586002507e-05,0.006726354241517907
transfer,32,random_1002,AMDI,0.03186950276589104,-0.1171875,0.0013128481442258172,-0.025216028133695056
transfer,32,random_1002,Retain initial tree,0.03186950276589104,-0.1171875,0.0013128481442258172,-0.025216028133695056
transfer,32,random_1002,Top-K: matched validation occupancy,0.002193674288410996,-0.01171875,1.7983773576618622e-05,-0.0010597565904060247
transfer,32,random_1002,Threshold: matched validation occupancy,0.0005507967172577316,-0.0029296875,-0.000933933940233625,0.003667024819775877
transfer,32,random_1003,AMDI,0.04249925882668573,-0.1083984375,-0.0005972365771738583,0.018704327753672034
transfer,32,random_1003,Retain initial tree,0.04249925882668573,-0.1083984375,-0.0005972365771738583,0.018704327753672034
transfer,32,random_1003,Top-K: matched validation occupancy,0.0007220056220236803,-0.0029296875,-0.000597782135866573,0.006962404446198667
transfer,32,random_1003,Threshold: matched validation occupancy,0.001405659569171963,-0.005859375,-0.0006227334724296166,0.00677529961107648
transfer,64,random_1000,AMDI,0.0037589861250891254,-0.00439453125,0.0032534831184526172,-0.01892469429159349
transfer,64,random_1000,Retain initial tree,0.0037589861250891254,-0.00439453125,0.0032534831184526172,-0.01892469429159449
transfer,64,random_1000,Top-K: matched validation occupancy,-0.008457904727600801,0.02197265625,-0.003980910268780259,0.048950959885338374
transfer,64,random_1000,Threshold: matched validation occupancy,-0.0004770049589946923,0.000732421875,-0.0003131448455575281,0.003451587746641338
transfer,64,random_1001,AMDI,0.004882405316643079,-0.005126953125,0.001983559066562668,-0.009260264347259017
transfer,64,random_1001,Retain initial tree,0.004882405316643079,-0.005126953125,0.001983559066562668,-0.009260264347259017
transfer,64,random_1001,Top-K: matched validation occupancy,-0.008835561265383568,0.021240234375,-0.0018604683480700074,0.025733356895486725
transfer,64,random_1001,Threshold: matched validation occupancy,0.001356861053989633,-0.00146484375,0.0005378042481750181,-0.0011424607680349252
transfer,64,random_1002,AMDI,0.004332206196933808,-0.005126953125,0.003086252785479082,-0.015084856177127182
transfer,64,random_1002,Retain initial tree,0.004332206196933808,-0.005126953125,0.003086252785479082,-0.015084856177127182
transfer,64,random_1002,Top-K: matched validation occupancy,-0.00865032573269267,0.021240234375,-0.005022476370885778,0.06275398519214093
transfer,64,random_1002,Threshold: matched validation occupancy,-0.000979601184182971,0.00146484375,-0.0008555272911169726,0.010286574302823426
transfer,64,random_1003,AMDI,0.004210759792579177,-0.0029296875,0.0024389675582563303,-0.01037766503216242
transfer,64,random_1003,Retain initial tree,0.004210759792579177,-0.0029296875,0.0024389675582563303,-0.01037766503216242
transfer,64,random_1003,Top-K: matched validation occupancy,-0.012268560081962698,0.0234375,-0.005052799284855122,0.062247149838855154
transfer,64,random_1003,Threshold: matched validation occupancy,-0.0006997231897624689,0.000732421875,-0.00035161293201817906,0.005266367824447005
transfer,128,random_1000,AMDI,0.0036818527682842828,-0.000732421875,0.0027778313303223126,-0.015533235282376712
transfer,128,random_1000,Retain initial tree,0.0036818527682842828,-0.000732421875,0.0027778313303223126,-0.015533235282376712
transfer,128,random_1000,Top-K: matched validation occupancy,-0.007564267075855988,0.005859375,-0.006050379430353477,0.05061080604704027
transfer,128,random_1000,Threshold: matched validation occupancy,0.0,0.0,0.0,0.0
transfer,128,random_1001,AMDI,0.0007397342428718812,-0.00018310546875,0.000283784900574742,-0.0029540668510330548
transfer,128,random_1001,Retain initial tree,0.0007397342428718812,-0.00018310546875,0.000283784900574742,-0.0029540668510330548
transfer,128,random_1001,Top-K: matched validation occupancy,-0.011417819563991488,0.00640869140625,-0.006462404370176131,0.05429028157082927
transfer,128,random_1001,Threshold: matched validation occupancy,-0.0009706610724442011,0.00018310546875,-0.0005906429616420045,0.002405295849865152
transfer,128,random_1002,AMDI,0.0040579879447867895,-0.000732421875,0.0026369564176133217,-0.012699875203237676
transfer,128,random_1002,Retain initial tree,0.0040579879447867895,-0.000732421875,0.0026369564176133217,-0.012699875203237676
transfer,128,random_1002,Top-K: matched validation occupancy,-0.010178075600159542,0.005859375,-0.008077763146958378,0.06343267372086037
transfer,128,random_1002,Threshold: matched validation occupancy,-0.0011077698380573264,0.0003662109375,-0.0011184571381306838,0.006509201777611606
transfer,128,random_1003,AMDI,0.004737815372868909,-0.00054931640625,0.002752070754646882,-0.011615734721506121
transfer,128,random_1003,Retain initial tree,0.004737815372868909,-0.00054931640625,0.002752070754646882,-0.011615734721506121
transfer,128,random_1003,Top-K: matched validation occupancy,-0.013046621456268725,0.00604248046875,-0.00833504305364064,0.05823370210108891
transfer,128,random_1003,Threshold: matched validation occupancy,-0.0007221289407978448,0.00018310546875,-0.0002801895533118548,0.0008956834686716375
