dataset,n,reference_error,C_rel,RMSE,SSIM,switching_mean,return,active_dofs,total_executed_refine,total_executed_coarsen_groups,n_cases,method
transfer,32,0.17300722714464323,0.136474609375,0.05377698865651086,0.8062263145860651,0.0,-1.1813734706745216,139.75,0.0,0.0,4,AMDI
transfer,32,0.1381385030332407,0.249267578125,0.05465591996204336,0.805119791875503,0.018798828125,-1.1326153537630825,255.25,38.5,0.0,4,Learned AMDI
transfer,32,0.17300722714464323,0.136474609375,0.05377698865651086,0.8062263145860651,0.0,-1.1813734706745216,139.75,0.0,0.0,4,Retain initial tree
transfer,32,0.1393172885311568,0.244873046875,0.0539833213062574,0.8120658392667638,0.01806640625,-1.1334445923986554,250.75,37.0,0.0,4,Threshold: matched validation occupancy
transfer,32,0.1397725652374138,0.241943359375,0.054119256645517894,0.8113480076562021,0.017578125,-1.1327127582347736,247.75,36.0,0.0,4,Top-K: matched validation occupancy
transfer,64,0.17533910368233185,0.0364990234375,0.04673412212051803,0.7239918413038071,0.0,-1.1227694331059543,149.5,0.0,0.0,4,AMDI
transfer,64,0.17104301432452054,0.0408935546875,0.04404355648833035,0.7374037112658426,0.000732421875,-1.1082491480158234,167.5,6.0,0.0,4,Learned AMDI
transfer,64,0.17533910368233185,0.0364990234375,0.04673412212051803,0.7239918413038069,0.0,-1.1227694331059543,149.5,0.0,0.0,4,Retain initial tree
transfer,64,0.17084314725478292,0.041259765625,0.04379793628320094,0.7418692285423119,0.00079345703125,-1.1074471527602248,169.0,6.5,0.0,4,Threshold: matched validation occupancy
transfer,64,0.16148992637261061,0.0628662109375,0.040064392920182566,0.7873250742187979,0.00439453125,-1.0862814589223584,257.5,36.0,0.0,4,Top-K: matched validation occupancy
transfer,128,0.1571197597125839,0.008758544921875,0.04529111470386972,0.679588863075824,0.0,-1.0135978135009636,143.5,0.0,0.0,4,AMDI
transfer,128,0.15381541213038094,0.009307861328125,0.043178453853080404,0.6902895910903624,9.1552734375e-05,-0.9998990000548009,152.5,3.0,0.0,4,Learned AMDI
transfer,128,0.1571197597125839,0.008758544921875,0.04529111470386972,0.679588863075824,0.0,-1.0135978135009636,143.5,0.0,0.0,4,Retain initial tree
transfer,128,0.1531152721675561,0.009490966796875,0.04268113143980927,0.6927421363643995,0.0001220703125,-0.9970533033826143,155.5,4.0,0.0,4,Threshold: matched validation occupancy
transfer,128,0.143263716206312,0.015350341796875,0.03594705635279825,0.7469314569503172,0.0010986328125,-0.9599719749134614,251.5,36.0,0.0,4,Top-K: matched validation occupancy
