C_rel,PSNR,RMSE,SSIM,image_seed,kind,method,n,noise_seed,noise_sigma,reference_error,runtime_s,switching_mean,training_seed
0.2939453125,24.802266661048282,0.05752897907001672,0.8316591267125875,1000,random_multiscale,Learned AMDI,32,71000,0.08,0.11674818686100544,0.5803276658989489,0.0234375,20260811
0.302734375,25.126683580659513,0.0554199106124371,0.749107703743021,1001,random_multiscale,Learned AMDI,32,71001,0.08,0.15291097052672414,0.5990225421264768,0.02294921875,20260811
0.302734375,24.821666683687234,0.057400630898367694,0.8110337363915701,1002,random_multiscale,Learned AMDI,32,71002,0.08,0.1147954425291416,0.5895760001149029,0.0244140625,20260811
0.220703125,26.921668083334623,0.04507301356741599,0.8336465331287759,1003,random_multiscale,Learned AMDI,32,71003,0.08,0.16620883959786742,0.43387000006623566,0.01708984375,20260811
0.2734375,25.101967380387656,0.05557783575263685,0.8460477793311321,1000,random_multiscale,Learned AMDI,32,71000,0.08,0.12067708905302513,0.5369477497879416,0.02001953125,20260817
0.2646484375,25.424748806810165,0.05355038032975218,0.7560806519438812,1001,random_multiscale,Learned AMDI,32,71001,0.08,0.16209557189312077,0.5477321248035878,0.0185546875,20260817
0.28515625,24.87454362249499,0.0570522555542582,0.8107823816766488,1002,random_multiscale,Learned AMDI,32,71002,0.08,0.11816176557251744,0.5721496250480413,0.0234375,20260817
0.197265625,27.199646104479548,0.043653361788460555,0.8463968664883234,1003,random_multiscale,Learned AMDI,32,71003,0.08,0.17240420181735552,0.4136491660028696,0.01416015625,20260817
0.185546875,25.58880873688151,0.05254840799076745,0.843870711135089,1000,random_multiscale,Learned AMDI,32,71000,0.08,0.14143912029774688,0.4344158750027418,0.00537109375,20260823
0.1884765625,25.832360525105997,0.05109542004453056,0.7800317287273515,1001,random_multiscale,Learned AMDI,32,71001,0.08,0.18707028366825465,0.4135804590769112,0.00390625,20260823
0.1796875,25.550989694599227,0.05277770669577943,0.8254851760048323,1002,random_multiscale,Learned AMDI,32,71002,0.08,0.14282524807051836,0.40098237502388656,0.00390625,20260823
0.138671875,27.035727176683622,0.04448500473859232,0.848575850896109,1003,random_multiscale,Learned AMDI,32,71003,0.08,0.19099927878375142,0.3040029581170529,0.00341796875,20260823
